time,params.PCM_type_Wall,params.Thickness_Wall,params.Melting_Point_Wall,params.PCM_type_Roof,params.Thickness_Roof,params.Melting_Point_Roof,params.Roof_PCM_Position,params.wall_PCM_Position,objectives.IDD,objectives.EUI ,objectives.TL
20/09/26 15:22:58,1,2,3,0,1,3,1,2,5.02514,46.974,0
20/09/26 15:22:58,1,2,3,0,1,3,1,2,5.02514,46.974,0
20/09/26 15:22:58,1,2,3,0,1,3,1,2,5.02514,46.974,0
20/09/26 15:23:13,0,3,3,0,2,2,1,1,5.036634,47.073,0
20/09/26 15:23:13,0,3,3,0,2,2,1,1,5.036634,47.073,0
20/09/26 15:23:13,0,3,3,0,2,2,1,1,5.036634,47.073,0
20/09/26 15:23:28,1,2,2,1,1,2,0,2,5.052508,46.825,0
20/09/26 15:23:28,1,2,2,1,1,2,0,2,5.052508,46.825,0
20/09/26 15:23:28,1,2,2,1,1,2,0,2,5.052508,46.825,0
20/09/26 15:23:45,1,2,2,1,3,1,1,1,4.858312,45.685,0
20/09/26 15:23:45,1,2,2,1,3,1,1,1,4.858312,45.685,0
20/09/26 15:23:45,1,2,2,1,3,1,1,1,4.858312,45.685,0
20/09/26 15:24:01,0,0,3,0,2,1,1,1,5.036634,47.073,0
20/09/26 15:24:01,0,0,3,0,2,1,1,1,5.036634,47.073,0
20/09/26 15:24:01,0,0,3,0,2,1,1,1,5.036634,47.073,0
20/09/26 15:24:16,0,3,4,1,0,3,2,2,4.963331,46.379,0
20/09/26 15:24:16,0,3,4,1,0,3,2,2,4.963331,46.379,0
20/09/26 15:24:16,0,3,4,1,0,3,2,2,4.963331,46.379,0
20/09/26 15:24:32,1,2,2,0,0,3,1,0,5.081378,47.569,1
20/09/26 15:24:32,1,2,2,0,0,3,1,0,5.081378,47.569,1
20/09/26 15:24:32,1,2,2,0,0,3,1,0,5.081378,47.569,1
20/09/26 15:24:46,0,0,3,0,1,2,2,1,5.070177,47.47,0
20/09/26 15:24:46,0,0,3,0,1,2,2,1,5.070177,47.47,0
20/09/26 15:24:46,0,0,3,0,1,2,2,1,5.070177,47.47,0
20/09/26 15:25:02,1,0,0,0,1,4,1,1,5.079325,47.669,1
20/09/26 15:25:02,1,0,0,0,1,4,1,1,5.079325,47.669,1
20/09/26 15:25:02,1,0,0,0,1,4,1,1,5.079325,47.669,1
20/09/26 15:25:17,1,0,4,0,1,0,2,1,5.076017,47.569,0
20/09/26 15:25:17,1,0,4,0,1,0,2,1,5.076017,47.569,0
20/09/26 15:25:17,1,0,4,0,1,0,2,1,5.076017,47.569,0
20/09/26 15:25:33,1,2,0,0,0,0,1,0,5.081378,47.569,1
20/09/26 15:25:33,1,2,0,0,0,0,1,0,5.081378,47.569,1
20/09/26 15:25:33,1,2,0,0,0,0,1,0,5.081378,47.569,1
20/09/26 15:25:48,0,1,2,1,0,1,2,0,5.103487,47.867,1
20/09/26 15:25:48,0,1,2,1,0,1,2,0,5.103487,47.867,1
20/09/26 15:25:48,0,1,2,1,0,1,2,0,5.103487,47.867,1
20/09/26 15:26:04,0,2,1,0,1,1,2,1,5.034684,47.024,0
20/09/26 15:26:04,0,2,1,0,1,1,2,1,5.034684,47.024,0
20/09/26 15:26:04,0,2,1,0,1,1,2,1,5.034684,47.024,0
20/09/26 15:26:19,1,0,2,1,2,3,1,0,5.09986,47.917,1
20/09/26 15:26:19,1,0,2,1,2,3,1,0,5.09986,47.917,1
20/09/26 15:26:19,1,0,2,1,2,3,1,0,5.09986,47.917,1
20/09/26 15:26:34,1,0,3,0,2,4,2,1,5.063844,47.47,0
20/09/26 15:26:34,1,0,3,0,2,4,2,1,5.063844,47.47,0
20/09/26 15:26:35,1,0,3,0,2,4,2,1,5.063844,47.47,0
20/09/26 15:26:52,0,3,4,0,1,0,2,2,5.068088,47.321,1
20/09/26 15:26:52,0,3,4,0,1,0,2,2,5.068088,47.321,1
20/09/26 15:26:52,0,3,4,0,1,0,2,2,5.068088,47.321,1
20/09/26 15:27:09,0,1,2,0,2,1,1,1,5.036634,47.073,0
20/09/26 15:27:09,0,1,2,0,2,1,1,1,5.036634,47.073,0
20/09/26 15:27:09,0,1,2,0,2,1,1,1,5.036634,47.073,0
20/09/26 15:27:25,1,0,1,0,1,1,1,0,5.094872,47.768,1
20/09/26 15:27:25,1,0,1,0,1,1,1,0,5.094872,47.768,1
20/09/26 15:27:25,1,0,1,0,1,1,1,0,5.094872,47.768,1
20/09/26 15:27:42,1,1,1,1,2,1,1,1,5.009467,46.875,0
20/09/26 15:27:42,1,1,1,1,2,1,1,1,5.009467,46.875,0
20/09/26 15:27:42,1,1,1,1,2,1,1,1,5.009467,46.875,0
20/09/26 15:28:00,0,3,4,1,0,1,1,0,5.077814,47.371,1
20/09/26 15:28:00,0,3,4,1,0,1,1,0,5.077814,47.371,1
20/09/26 15:28:00,0,3,4,1,0,1,1,0,5.077814,47.371,1
20/09/26 15:28:17,1,1,1,0,1,4,0,0,5.11513,47.718,1
20/09/26 15:28:18,1,1,1,0,1,4,0,0,5.11513,47.718,1
20/09/26 15:28:18,1,1,1,0,1,4,0,0,5.11513,47.718,1
20/09/26 15:28:35,0,1,4,1,3,4,2,1,4.978835,47.024,0
20/09/26 15:28:35,0,1,4,1,3,4,2,1,4.978835,47.024,0
20/09/26 15:28:35,0,1,4,1,3,4,2,1,4.978835,47.024,0
20/09/26 15:28:56,1,1,3,0,1,2,1,2,5.060054,47.321,0
20/09/26 15:28:56,1,1,3,0,1,2,1,2,5.060054,47.321,0
20/09/26 15:28:56,1,1,3,0,1,2,1,2,5.060054,47.321,0
20/09/26 15:29:17,1,2,4,0,2,0,1,1,5.017649,46.974,0
20/09/26 15:29:17,1,2,4,0,2,0,1,1,5.017649,46.974,0
20/09/26 15:29:17,1,2,4,0,2,0,1,1,5.017649,46.974,0
20/09/26 15:29:35,1,3,3,1,1,0,1,1,4.858312,45.685,0
20/09/26 15:29:35,1,3,3,1,1,0,1,1,4.858312,45.685,0
20/09/26 15:29:35,1,3,3,1,1,0,1,1,4.858312,45.685,0
20/09/26 15:29:51,1,2,1,1,2,3,2,1,5.008374,46.875,0
20/09/26 15:29:51,1,2,1,1,2,3,2,1,5.008374,46.875,0
20/09/26 15:29:51,1,2,1,1,2,3,2,1,5.008374,46.875,0
20/09/26 15:30:06,0,1,3,0,0,3,1,1,5.072433,47.52,0
20/09/26 15:30:06,0,1,3,0,0,3,1,1,5.072433,47.52,0
20/09/26 15:30:06,0,1,3,0,0,3,1,1,5.072433,47.52,0
20/09/26 15:30:22,1,3,3,1,0,1,1,2,4.853528,45.585,0
20/09/26 15:30:22,1,3,3,1,0,1,1,2,4.853528,45.585,0
20/09/26 15:30:22,1,3,3,1,0,1,1,2,4.853528,45.585,0
20/09/26 15:30:37,1,1,0,1,0,3,0,1,5.09497,47.768,1
20/09/26 15:30:37,1,1,0,1,0,3,0,1,5.09497,47.768,1
20/09/26 15:30:37,1,1,0,1,0,3,0,1,5.09497,47.768,1
20/09/26 15:30:52,1,1,2,1,2,4,2,1,5.008374,46.875,0
20/09/26 15:30:53,1,1,2,1,2,4,2,1,5.008374,46.875,0
20/09/26 15:30:53,1,1,2,1,2,4,2,1,5.008374,46.875,0
20/09/26 15:31:10,0,3,4,1,3,2,0,1,4.995865,46.429,0
20/09/26 15:31:10,0,3,4,1,3,2,0,1,4.995865,46.429,0
20/09/26 15:31:10,0,3,4,1,3,2,0,1,4.995865,46.429,0
20/09/26 15:31:25,1,2,1,0,2,0,1,2,5.016142,46.925,0
20/09/26 15:31:25,1,2,1,0,2,0,1,2,5.016142,46.925,0
20/09/26 15:31:25,1,2,1,0,2,0,1,2,5.016142,46.925,0
20/09/26 15:31:41,0,3,4,1,1,1,1,1,4.957908,46.528,0
20/09/26 15:31:41,0,3,4,1,1,1,1,1,4.957908,46.528,0
20/09/26 15:31:41,0,3,4,1,1,1,1,1,4.957908,46.528,0
20/09/26 15:31:56,1,1,2,0,2,1,1,0,5.07557,47.52,1
20/09/26 15:31:56,1,1,2,0,2,1,1,0,5.07557,47.52,1
20/09/26 15:31:56,1,1,2,0,2,1,1,0,5.07557,47.52,1
20/09/26 15:32:10,0,2,3,0,1,4,0,0,5.131176,47.569,1
20/09/26 15:32:10,0,2,3,0,1,4,0,0,5.131176,47.569,1
20/09/26 15:32:10,0,2,3,0,1,4,0,0,5.131176,47.569,1
20/09/26 15:32:26,1,2,1,1,1,2,1,2,5.007505,46.875,0
20/09/26 15:32:26,1,2,1,1,1,2,1,2,5.007505,46.875,0
20/09/26 15:32:26,1,2,1,1,1,2,1,2,5.007505,46.875,0
20/09/26 15:32:42,1,3,2,0,2,2,0,2,4.949847,46.23,0
20/09/26 15:32:42,1,3,2,0,2,2,0,2,4.949847,46.23,0
20/09/26 15:32:42,1,3,2,0,2,2,0,2,4.949847,46.23,0
20/09/26 15:32:59,1,1,3,1,2,1,2,2,4.979881,46.825,0
20/09/26 15:32:59,1,1,3,1,2,1,2,2,4.979881,46.825,0
20/09/26 15:32:59,1,1,3,1,2,1,2,2,4.979881,46.825,0
20/09/26 15:33:14,1,0,3,1,1,1,2,1,5.083407,47.718,1
20/09/26 15:33:14,1,0,3,1,1,1,2,1,5.083407,47.718,1
20/09/26 15:33:14,1,0,3,1,1,1,2,1,5.083407,47.718,1
20/09/26 15:33:29,0,0,0,0,1,3,2,0,5.098033,47.718,1
20/09/26 15:33:29,0,0,0,0,1,3,2,0,5.098033,47.718,1
20/09/26 15:33:29,0,0,0,0,1,3,2,0,5.098033,47.718,1
20/09/26 15:33:45,1,3,0,0,1,1,1,2,4.916977,46.329,0
20/09/26 15:33:45,1,3,0,0,1,1,1,2,4.916977,46.329,0
20/09/26 15:33:45,1,3,0,0,1,1,1,2,4.916977,46.329,0
20/09/26 15:34:01,0,2,3,0,2,1,1,1,5.036634,47.073,0
20/09/26 15:34:01,0,2,3,0,2,1,1,1,5.036634,47.073,0
20/09/26 15:34:01,0,2,3,0,2,1,1,1,5.036634,47.073,0
20/09/26 15:34:20,0,3,1,1,1,2,0,0,5.091893,47.371,1
20/09/26 15:34:20,0,3,1,1,1,2,0,0,5.091893,47.371,1
20/09/26 15:34:20,0,3,1,1,1,2,0,0,5.091893,47.371,1
20/09/26 15:34:41,1,3,3,1,1,3,2,2,4.862559,45.585,0
20/09/26 15:34:41,1,3,3,1,1,3,2,2,4.862559,45.585,0
20/09/26 15:34:41,1,3,3,1,1,3,2,2,4.862559,45.585,0
20/09/26 15:34:58,0,3,2,0,1,1,0,1,5.095901,47.52,0
20/09/26 15:34:58,0,3,2,0,1,1,0,1,5.095901,47.52,0
20/09/26 15:34:58,0,3,2,0,1,1,0,1,5.095901,47.52,0
20/09/26 15:35:15,0,1,2,0,2,2,0,1,5.084524,47.123,0
20/09/26 15:35:15,0,1,2,0,2,2,0,1,5.084524,47.123,0
20/09/26 15:35:15,0,1,2,0,2,2,0,1,5.084524,47.123,0
20/09/26 15:35:31,1,2,1,1,2,2,0,1,5.054907,46.875,0
20/09/26 15:35:31,1,2,1,1,2,2,0,1,5.054907,46.875,0
20/09/26 15:35:31,1,2,1,1,2,2,0,1,5.054907,46.875,0
20/09/26 15:35:49,0,3,1,1,2,0,2,2,4.943161,46.329,0
20/09/26 15:35:49,0,3,1,1,2,0,2,2,4.943161,46.329,0
20/09/26 15:35:49,0,3,1,1,2,0,2,2,4.943161,46.329,0
20/09/26 15:36:05,0,2,2,1,2,4,1,0,5.071764,47.421,1
20/09/26 15:36:05,0,2,2,1,2,4,1,0,5.071764,47.421,1
20/09/26 15:36:05,0,2,2,1,2,4,1,0,5.071764,47.421,1
20/09/26 15:36:22,0,2,3,1,3,2,1,0,5.036313,47.024,1
20/09/26 15:36:22,0,2,3,1,3,2,1,0,5.036313,47.024,1
20/09/26 15:36:22,0,2,3,1,3,2,1,0,5.036313,47.024,1
20/09/26 15:36:39,1,1,1,1,1,2,1,2,5.054155,47.272,0
20/09/26 15:36:39,1,1,1,1,1,2,1,2,5.054155,47.272,0
20/09/26 15:36:39,1,1,1,1,1,2,1,2,5.054155,47.272,0
20/09/26 15:36:56,0,1,1,1,2,4,0,1,5.101354,47.321,0
20/09/26 15:36:56,0,1,1,1,2,4,0,1,5.101354,47.321,0
20/09/26 15:36:56,0,1,1,1,2,4,0,1,5.101354,47.321,0
20/09/26 15:37:12,0,0,3,1,2,3,2,1,5.063149,47.47,1
20/09/26 15:37:12,0,0,3,1,2,3,2,1,5.063149,47.47,1
20/09/26 15:37:12,0,0,3,1,2,3,2,1,5.063149,47.47,1
20/09/26 15:37:29,0,2,2,1,0,1,0,0,5.110061,47.768,1
20/09/26 15:37:29,0,2,2,1,0,1,0,0,5.110061,47.768,1
20/09/26 15:37:29,0,2,2,1,0,1,0,0,5.110061,47.768,1
20/09/26 15:37:46,0,1,2,0,3,2,1,1,5.072433,47.52,0
20/09/26 15:37:46,0,1,2,0,3,2,1,1,5.072433,47.52,0
20/09/26 15:37:46,0,1,2,0,3,2,1,1,5.072433,47.52,0
20/09/26 15:38:02,0,1,1,0,1,2,2,2,5.068088,47.321,1
20/09/26 15:38:02,0,1,1,0,1,2,2,2,5.068088,47.321,1
20/09/26 15:38:02,0,1,1,0,1,2,2,2,5.068088,47.321,1
20/09/26 15:38:19,0,2,1,0,3,1,2,2,5.001711,46.825,0
20/09/26 15:38:19,0,2,1,0,3,1,2,2,5.001711,46.825,0
20/09/26 15:38:19,0,2,1,0,3,1,2,2,5.001711,46.825,0
20/09/26 15:38:36,1,3,2,1,3,3,1,0,4.97248,46.28,1
20/09/26 15:38:36,1,3,2,1,3,3,1,0,4.97248,46.28,1
20/09/26 15:38:36,1,3,2,1,3,3,1,0,4.97248,46.28,1
20/09/26 15:38:54,1,0,0,1,3,2,0,0,5.066909,46.528,1
20/09/26 15:38:54,1,0,0,1,3,2,0,0,5.066909,46.528,1
20/09/26 15:38:54,1,0,0,1,3,2,0,0,5.066909,46.528,1
20/09/26 15:39:10,0,2,3,1,2,1,2,1,5.029247,46.974,0
20/09/26 15:39:10,0,2,3,1,2,1,2,1,5.029247,46.974,0
20/09/26 15:39:10,0,2,3,1,2,1,2,1,5.029247,46.974,0
20/09/26 15:39:26,1,1,2,0,0,1,2,1,5.065858,47.421,0
20/09/26 15:39:26,1,1,2,0,0,1,2,1,5.065858,47.421,0
20/09/26 15:39:26,1,1,2,0,0,1,2,1,5.065858,47.421,0
20/09/26 15:39:42,1,0,2,1,2,3,2,2,5.08247,47.669,1
20/09/26 15:39:42,1,0,2,1,2,3,2,2,5.08247,47.669,1
20/09/26 15:39:42,1,0,2,1,2,3,2,2,5.08247,47.669,1
20/09/26 15:39:59,0,1,3,0,3,4,1,0,5.098317,47.768,1
20/09/26 15:39:59,0,1,3,0,3,4,1,0,5.098317,47.768,1
20/09/26 15:39:59,0,1,3,0,3,4,1,0,5.098317,47.768,1
20/09/26 15:40:15,0,1,2,1,2,1,0,0,5.130452,47.669,1
20/09/26 15:40:15,0,1,2,1,2,1,0,0,5.130452,47.669,1
20/09/26 15:40:15,0,1,2,1,2,1,0,0,5.130452,47.669,1
20/09/26 15:40:31,0,3,2,0,2,0,1,0,5.082049,47.52,1
20/09/26 15:40:31,0,3,2,0,2,0,1,0,5.082049,47.52,1
20/09/26 15:40:31,0,3,2,0,2,0,1,0,5.082049,47.52,1
20/09/26 15:40:48,1,3,1,0,2,4,0,0,5.066344,46.974,1
20/09/26 15:40:48,1,3,1,0,2,4,0,0,5.066344,46.974,1
20/09/26 15:40:48,1,3,1,0,2,4,0,0,5.066344,46.974,1
20/09/26 15:41:05,0,2,3,1,1,3,0,2,5.063096,47.024,0
20/09/26 15:41:05,0,2,3,1,1,3,0,2,5.063096,47.024,0
20/09/26 15:41:05,0,2,3,1,1,3,0,2,5.063096,47.024,0
20/09/26 15:41:26,0,0,1,0,2,0,0,0,5.131176,47.569,1
20/09/26 15:41:26,0,0,1,0,2,0,0,0,5.131176,47.569,1
20/09/26 15:41:26,0,0,1,0,2,0,0,0,5.131176,47.569,1
20/09/26 15:41:42,0,1,0,1,1,4,0,0,5.121457,47.768,1
20/09/26 15:41:42,0,1,0,1,1,4,0,0,5.121457,47.768,1
20/09/26 15:41:42,0,1,0,1,1,4,0,0,5.121457,47.768,1
20/09/26 15:42:05,1,3,3,0,0,2,1,2,4.924006,46.28,0
20/09/26 15:42:05,1,3,3,0,0,2,1,2,4.924006,46.28,0
20/09/26 15:42:05,1,3,3,0,0,2,1,2,4.924006,46.28,0
20/09/26 15:42:25,0,2,3,0,1,1,2,1,5.034684,47.024,0
20/09/26 15:42:25,0,2,3,0,1,1,2,1,5.034684,47.024,0
20/09/26 15:42:25,0,2,3,0,1,1,2,1,5.034684,47.024,0
20/09/26 15:42:44,1,0,2,0,2,0,2,0,5.079301,47.52,1
20/09/26 15:42:44,1,0,2,0,2,0,2,0,5.079301,47.52,1
20/09/26 15:42:44,1,0,2,0,2,0,2,0,5.079301,47.52,1
20/09/26 15:43:02,0,3,2,0,1,3,1,2,5.071677,47.47,1
20/09/26 15:43:02,0,3,2,0,1,3,1,2,5.071677,47.47,1
20/09/26 15:43:02,0,3,2,0,1,3,1,2,5.071677,47.47,1
20/09/26 15:43:21,0,1,0,1,0,4,1,1,5.077359,47.569,0
20/09/26 15:43:21,0,1,0,1,0,4,1,1,5.077359,47.569,0
20/09/26 15:43:21,0,1,0,1,0,4,1,1,5.077359,47.569,0
20/09/26 15:43:40,0,2,2,1,2,0,1,1,5.030078,47.024,0
20/09/26 15:43:40,0,2,2,1,2,0,1,1,5.030078,47.024,0
20/09/26 15:43:40,0,2,2,1,2,0,1,1,5.030078,47.024,0
20/09/26 15:43:59,1,2,2,0,0,1,1,0,5.081378,47.569,1
20/09/26 15:43:59,1,2,2,0,0,1,1,0,5.081378,47.569,1
20/09/26 15:43:59,1,2,2,0,0,1,1,0,5.081378,47.569,1
20/09/26 15:44:17,0,3,1,0,2,0,1,1,5.036634,47.073,0
20/09/26 15:44:17,0,3,1,0,2,0,1,1,5.036634,47.073,0
20/09/26 15:44:17,0,3,1,0,2,0,1,1,5.036634,47.073,0
20/09/26 15:44:36,0,2,4,0,1,2,2,2,5.001711,46.825,0
20/09/26 15:44:36,0,2,4,0,1,2,2,2,5.001711,46.825,0
20/09/26 15:44:36,0,2,4,0,1,2,2,2,5.001711,46.825,0
20/09/26 15:44:56,1,2,1,0,0,2,1,2,5.033931,47.123,0
20/09/26 15:44:56,1,2,1,0,0,2,1,2,5.033931,47.123,0
20/09/26 15:44:56,1,2,1,0,0,2,1,2,5.033931,47.123,0
20/09/26 15:45:15,1,3,1,0,3,4,2,0,4.981461,46.23,1
20/09/26 15:45:15,1,3,1,0,3,4,2,0,4.981461,46.23,1
20/09/26 15:45:16,1,3,1,0,3,4,2,0,4.981461,46.23,1
20/09/26 15:45:36,1,0,1,1,1,3,1,1,5.084356,47.718,1
20/09/26 15:45:36,1,0,1,1,1,3,1,1,5.084356,47.718,1
20/09/26 15:45:36,1,0,1,1,1,3,1,1,5.084356,47.718,1
20/09/26 15:45:51,1,0,0,0,1,3,2,1,5.076017,47.569,0
20/09/26 15:45:51,1,0,0,0,1,3,2,1,5.076017,47.569,0
20/09/26 15:45:51,1,0,0,0,1,3,2,1,5.076017,47.569,0
20/09/26 15:46:06,1,0,1,1,2,1,0,1,5.09497,47.768,1
20/09/26 15:46:06,1,0,1,1,2,1,0,1,5.09497,47.768,1
20/09/26 15:46:06,1,0,1,1,2,1,0,1,5.09497,47.768,1
20/09/26 15:46:22,0,0,3,1,0,3,1,1,5.090735,47.768,1
20/09/26 15:46:22,0,0,3,1,0,3,1,1,5.090735,47.768,1
20/09/26 15:46:22,0,0,3,1,0,3,1,1,5.090735,47.768,1
20/09/26 15:46:38,0,3,3,1,2,2,0,0,5.100758,47.222,1
20/09/26 15:46:38,0,3,3,1,2,2,0,0,5.100758,47.222,1
20/09/26 15:46:38,0,3,3,1,2,2,0,0,5.100758,47.222,1
20/09/26 15:46:54,1,3,3,0,1,1,1,1,4.919376,46.429,0
20/09/26 15:46:54,1,3,3,0,1,1,1,1,4.919376,46.429,0
20/09/26 15:46:54,1,3,3,0,1,1,1,1,4.919376,46.429,0
20/09/26 15:47:09,0,3,1,0,3,2,0,1,5.015395,46.429,0
20/09/26 15:47:09,0,3,1,0,3,2,0,1,5.015395,46.429,0
20/09/26 15:47:09,0,3,1,0,3,2,0,1,5.015395,46.429,0
20/09/26 15:47:24,1,1,2,1,1,2,1,0,5.08328,47.669,1
20/09/26 15:47:24,1,1,2,1,1,2,1,0,5.08328,47.669,1
20/09/26 15:47:24,1,1,2,1,1,2,1,0,5.08328,47.669,1
20/09/26 15:47:40,1,2,2,1,3,3,0,0,5.066909,46.528,1
20/09/26 15:47:40,1,2,2,1,3,3,0,0,5.066909,46.528,1
20/09/26 15:47:40,1,2,2,1,3,3,0,0,5.066909,46.528,1
20/09/26 15:47:55,1,1,2,1,1,1,1,2,5.054155,47.272,0
20/09/26 15:47:55,1,1,2,1,1,1,1,2,5.054155,47.272,0
20/09/26 15:47:55,1,1,2,1,1,1,1,2,5.054155,47.272,0
20/09/26 15:48:11,0,2,3,0,2,1,0,1,5.084524,47.123,0
20/09/26 15:48:11,0,2,3,0,2,1,0,1,5.084524,47.123,0
20/09/26 15:48:11,0,2,3,0,2,1,0,1,5.084524,47.123,0
20/09/26 15:48:26,1,2,0,1,2,1,1,1,5.009467,46.875,0
20/09/26 15:48:26,1,2,0,1,2,1,1,1,5.009467,46.875,0
20/09/26 15:48:26,1,2,0,1,2,1,1,1,5.009467,46.875,0
20/09/26 15:48:42,0,3,3,1,2,1,2,0,5.050142,47.123,1
20/09/26 15:48:42,0,3,3,1,2,1,2,0,5.050142,47.123,1
20/09/26 15:48:43,0,3,3,1,2,1,2,0,5.050142,47.123,1
20/09/26 15:48:58,0,3,1,1,0,1,1,1,4.967999,46.627,0
20/09/26 15:48:58,0,3,1,1,0,1,1,1,4.967999,46.627,0
20/09/26 15:48:58,0,3,1,1,0,1,1,1,4.967999,46.627,0
20/09/26 15:49:12,1,2,1,0,0,1,0,1,5.045634,47.073,0
20/09/26 15:49:12,1,2,1,0,0,1,0,1,5.045634,47.073,0
20/09/26 15:49:12,1,2,1,0,0,1,0,1,5.045634,47.073,0
20/09/26 15:49:28,1,2,3,0,1,2,0,0,5.099813,47.52,1
20/09/26 15:49:28,1,2,3,0,1,2,0,0,5.099813,47.52,1
20/09/26 15:49:28,1,2,3,0,1,2,0,0,5.099813,47.52,1
20/09/26 15:49:43,1,2,2,1,1,1,2,2,4.979881,46.825,0
20/09/26 15:49:43,1,2,2,1,1,1,2,2,4.979881,46.825,0
20/09/26 15:49:43,1,2,2,1,1,1,2,2,4.979881,46.825,0
20/09/26 15:49:58,1,1,1,1,1,0,1,2,5.054155,47.272,0
20/09/26 15:49:58,1,1,1,1,1,0,1,2,5.054155,47.272,0
20/09/26 15:49:58,1,1,1,1,1,0,1,2,5.054155,47.272,0
20/09/26 15:50:13,0,0,0,1,3,1,1,0,5.042152,47.173,1
20/09/26 15:50:13,0,0,0,1,3,1,1,0,5.042152,47.173,1
20/09/26 15:50:13,0,0,0,1,3,1,1,0,5.042152,47.173,1
20/09/26 15:50:28,0,3,1,0,1,3,1,1,5.072433,47.52,0
20/09/26 15:50:28,0,3,1,0,1,3,1,1,5.072433,47.52,0
20/09/26 15:50:28,0,3,1,0,1,3,1,1,5.072433,47.52,0
20/09/26 15:50:43,0,2,1,0,1,1,1,0,5.082049,47.52,1
20/09/26 15:50:43,0,2,1,0,1,1,1,0,5.082049,47.52,1
20/09/26 15:50:43,0,2,1,0,1,1,1,0,5.082049,47.52,1
20/09/26 15:50:57,0,3,4,1,1,3,1,2,4.950538,46.429,0
20/09/26 15:50:57,0,3,4,1,1,3,1,2,4.950538,46.429,0
20/09/26 15:50:57,0,3,4,1,1,3,1,2,4.950538,46.429,0
20/09/26 15:51:13,1,2,1,0,2,3,1,1,5.017649,46.974,0
20/09/26 15:51:13,1,2,1,0,2,3,1,1,5.017649,46.974,0
20/09/26 15:51:13,1,2,1,0,2,3,1,1,5.017649,46.974,0
20/09/26 15:51:29,1,0,1,1,3,4,1,2,4.853528,45.585,0
20/09/26 15:51:29,1,0,1,1,3,4,1,2,4.853528,45.585,0
20/09/26 15:51:29,1,0,1,1,3,4,1,2,4.853528,45.585,0
20/09/26 15:51:45,1,2,2,0,0,4,2,1,5.03315,47.123,0
20/09/26 15:51:45,1,2,2,0,0,4,2,1,5.03315,47.123,0
20/09/26 15:51:45,1,2,2,0,0,4,2,1,5.03315,47.123,0
20/09/26 15:52:01,1,2,1,1,3,2,1,2,4.853528,45.585,0
20/09/26 15:52:01,1,2,1,1,3,2,1,2,4.853528,45.585,0
20/09/26 15:52:01,1,2,1,1,3,2,1,2,4.853528,45.585,0
20/09/26 15:52:15,1,2,0,1,2,2,2,1,5.008374,46.875,0
20/09/26 15:52:15,1,2,0,1,2,2,2,1,5.008374,46.875,0
20/09/26 15:52:16,1,2,0,1,2,2,2,1,5.008374,46.875,0
20/09/26 15:52:31,0,1,3,0,2,2,1,2,5.033645,46.974,0
20/09/26 15:52:31,0,1,3,0,2,2,1,2,5.033645,46.974,0
20/09/26 15:52:31,0,1,3,0,2,2,1,2,5.033645,46.974,0
20/09/26 15:52:46,1,1,2,1,3,1,1,0,4.97248,46.28,1
20/09/26 15:52:47,1,1,2,1,3,1,1,0,4.97248,46.28,1
20/09/26 15:52:47,1,1,2,1,3,1,1,0,4.97248,46.28,1
20/09/26 15:53:02,0,0,3,1,3,2,0,2,5.119457,47.321,1
20/09/26 15:53:02,0,0,3,1,3,2,0,2,5.119457,47.321,1
20/09/26 15:53:02,0,0,3,1,3,2,0,2,5.119457,47.321,1
20/09/26 15:53:17,0,2,1,0,3,1,2,1,5.034684,47.024,0
20/09/26 15:53:17,0,2,1,0,3,1,2,1,5.034684,47.024,0
20/09/26 15:53:17,0,2,1,0,3,1,2,1,5.034684,47.024,0
20/09/26 15:53:32,0,2,1,0,2,2,1,1,5.036634,47.073,0
20/09/26 15:53:33,0,2,1,0,2,2,1,1,5.036634,47.073,0
20/09/26 15:53:33,0,2,1,0,2,2,1,1,5.036634,47.073,0
20/09/26 15:53:48,0,2,2,1,3,3,0,0,5.134154,47.371,1
20/09/26 15:53:48,0,2,2,1,3,3,0,0,5.134154,47.371,1
20/09/26 15:53:48,0,2,2,1,3,3,0,0,5.134154,47.371,1
20/09/26 15:54:02,1,1,2,0,1,3,2,2,5.057382,47.272,0
20/09/26 15:54:02,1,1,2,0,1,3,2,2,5.057382,47.272,0
20/09/26 15:54:02,1,1,2,0,1,3,2,2,5.057382,47.272,0
20/09/26 15:54:17,0,1,2,1,1,2,0,0,5.121457,47.768,1
20/09/26 15:54:17,0,1,2,1,1,2,0,0,5.121457,47.768,1
20/09/26 15:54:17,0,1,2,1,1,2,0,0,5.121457,47.768,1
20/09/26 15:54:32,1,1,2,1,1,3,2,1,5.055929,47.272,0
20/09/26 15:54:32,1,1,2,1,1,3,2,1,5.055929,47.272,0
20/09/26 15:54:32,1,1,2,1,1,3,2,1,5.055929,47.272,0
20/09/26 15:54:47,1,1,2,1,0,1,1,0,5.09986,47.917,1
20/09/26 15:54:47,1,1,2,1,0,1,1,0,5.09986,47.917,1
20/09/26 15:54:47,1,1,2,1,0,1,1,0,5.09986,47.917,1
20/09/26 15:55:03,0,2,0,0,3,2,1,0,5.082049,47.52,1
20/09/26 15:55:03,0,2,0,0,3,2,1,0,5.082049,47.52,1
20/09/26 15:55:03,0,2,0,0,3,2,1,0,5.082049,47.52,1
20/09/26 15:55:18,0,3,3,0,1,3,1,1,5.072433,47.52,0
20/09/26 15:55:18,0,3,3,0,1,3,1,1,5.072433,47.52,0
20/09/26 15:55:18,0,3,3,0,1,3,1,1,5.072433,47.52,0
20/09/26 15:55:34,0,2,3,1,2,3,1,0,5.071764,47.421,1
20/09/26 15:55:34,0,2,3,1,2,3,1,0,5.071764,47.421,1
20/09/26 15:55:34,0,2,3,1,2,3,1,0,5.071764,47.421,1
20/09/26 15:55:49,1,1,0,0,1,0,2,2,5.057382,47.272,0
20/09/26 15:55:49,1,1,0,0,1,0,2,2,5.057382,47.272,0
20/09/26 15:55:49,1,1,0,0,1,0,2,2,5.057382,47.272,0
20/09/26 15:56:04,0,2,1,0,2,1,1,0,5.082049,47.52,1
20/09/26 15:56:04,0,2,1,0,2,1,1,0,5.082049,47.52,1
20/09/26 15:56:04,0,2,1,0,2,1,1,0,5.082049,47.52,1
20/09/26 15:56:19,1,2,2,0,2,1,1,2,5.016142,46.925,0
20/09/26 15:56:19,1,2,2,0,2,1,1,2,5.016142,46.925,0
20/09/26 15:56:19,1,2,2,0,2,1,1,2,5.016142,46.925,0
20/09/26 15:56:36,0,2,0,1,3,2,1,1,4.964434,46.577,0
20/09/26 15:56:36,0,2,0,1,3,2,1,1,4.964434,46.577,0
20/09/26 15:56:36,0,2,0,1,3,2,1,1,4.964434,46.577,0
20/09/26 15:56:51,0,2,1,1,0,1,1,2,5.051032,47.222,0
20/09/26 15:56:51,0,2,1,1,0,1,1,2,5.051032,47.222,0
20/09/26 15:56:51,0,2,1,1,0,1,1,2,5.051032,47.222,0
20/09/26 15:57:06,0,0,1,1,3,0,1,1,5.02664,47.123,1
20/09/26 15:57:06,0,0,1,1,3,0,1,1,5.02664,47.123,1
20/09/26 15:57:06,0,0,1,1,3,0,1,1,5.02664,47.123,1
20/09/26 15:57:21,1,1,2,0,1,1,1,0,5.088658,47.669,1
20/09/26 15:57:22,1,1,2,0,1,1,1,0,5.088658,47.669,1
20/09/26 15:57:22,1,1,2,0,1,1,1,0,5.088658,47.669,1
20/09/26 15:57:37,1,2,3,0,2,1,0,1,5.061915,46.974,0
20/09/26 15:57:37,1,2,3,0,2,1,0,1,5.061915,46.974,0
20/09/26 15:57:37,1,2,3,0,2,1,0,1,5.061915,46.974,0
20/09/26 15:57:51,0,1,4,1,1,2,0,1,5.094116,47.47,0
20/09/26 15:57:51,0,1,4,1,1,2,0,1,5.094116,47.47,0
20/09/26 15:57:52,0,1,4,1,1,2,0,1,5.094116,47.47,0
20/09/26 15:58:06,1,0,4,0,2,2,1,2,5.065658,47.47,1
20/09/26 15:58:07,1,0,4,0,2,2,1,2,5.065658,47.47,1
20/09/26 15:58:07,1,0,4,0,2,2,1,2,5.065658,47.47,1
20/09/26 15:58:22,1,1,4,1,1,3,2,2,5.054168,47.272,0
20/09/26 15:58:22,1,1,4,1,1,3,2,2,5.054168,47.272,0
20/09/26 15:58:22,1,1,4,1,1,3,2,2,5.054168,47.272,0
20/09/26 15:58:36,0,1,3,0,2,1,0,0,5.131176,47.569,1
20/09/26 15:58:37,0,1,3,0,2,1,0,0,5.131176,47.569,1
20/09/26 15:58:37,0,1,3,0,2,1,0,0,5.131176,47.569,1
20/09/26 15:58:52,1,2,2,1,2,1,2,1,5.008374,46.875,0
20/09/26 15:58:52,1,2,2,1,2,1,2,1,5.008374,46.875,0
20/09/26 15:58:52,1,2,2,1,2,1,2,1,5.008374,46.875,0
20/09/26 15:59:07,0,2,3,0,1,1,2,0,5.077274,47.371,1
20/09/26 15:59:07,0,2,3,0,1,1,2,0,5.077274,47.371,1
20/09/26 15:59:07,0,2,3,0,1,1,2,0,5.077274,47.371,1
20/09/26 15:59:23,1,3,0,1,2,2,1,1,4.858312,45.685,0
20/09/26 15:59:23,1,3,0,1,2,2,1,1,4.858312,45.685,0
20/09/26 15:59:23,1,3,0,1,2,2,1,1,4.858312,45.685,0
20/09/26 15:59:39,0,3,0,1,1,0,2,0,5.066996,47.222,1
20/09/26 15:59:39,0,3,0,1,1,0,2,0,5.066996,47.222,1
20/09/26 15:59:39,0,3,0,1,1,0,2,0,5.066996,47.222,1
20/09/26 15:59:53,0,1,2,0,2,3,1,1,5.036634,47.073,0
20/09/26 15:59:53,0,1,2,0,2,3,1,1,5.036634,47.073,0
20/09/26 15:59:54,0,1,2,0,2,3,1,1,5.036634,47.073,0
20/09/26 16:00:08,0,1,1,0,1,2,2,2,5.068088,47.321,1
20/09/26 16:00:08,0,1,1,0,1,2,2,2,5.068088,47.321,1
20/09/26 16:00:08,0,1,1,0,1,2,2,2,5.068088,47.321,1
20/09/26 16:00:24,0,2,2,1,3,1,1,1,4.964434,46.577,0
20/09/26 16:00:24,0,2,2,1,3,1,1,1,4.964434,46.577,0
20/09/26 16:00:24,0,2,2,1,3,1,1,1,4.964434,46.577,0
20/09/26 16:00:39,0,2,3,1,0,2,2,2,5.049631,47.222,0
20/09/26 16:00:39,0,2,3,1,0,2,2,2,5.049631,47.222,0
20/09/26 16:00:39,0,2,3,1,0,2,2,2,5.049631,47.222,0
20/09/26 16:00:54,0,1,2,0,1,3,2,1,5.070177,47.47,0
20/09/26 16:00:54,0,1,2,0,1,3,2,1,5.070177,47.47,0
20/09/26 16:00:54,0,1,2,0,1,3,2,1,5.070177,47.47,0
20/09/26 16:01:09,1,2,2,0,0,3,0,1,5.045634,47.073,0
20/09/26 16:01:09,1,2,2,0,0,3,0,1,5.045634,47.073,0
20/09/26 16:01:09,1,2,2,0,0,3,0,1,5.045634,47.073,0
20/09/26 16:01:24,1,0,0,1,2,2,2,0,5.099154,47.917,1
20/09/26 16:01:24,1,0,0,1,2,2,2,0,5.099154,47.917,1
20/09/26 16:01:24,1,0,0,1,2,2,2,0,5.099154,47.917,1
20/09/26 16:01:39,1,2,1,1,1,2,1,1,5.009467,46.875,0
20/09/26 16:01:39,1,2,1,1,1,2,1,1,5.009467,46.875,0
20/09/26 16:01:39,1,2,1,1,1,2,1,1,5.009467,46.875,0
20/09/26 16:01:55,1,1,4,1,2,1,1,0,5.055294,47.272,1
20/09/26 16:01:55,1,1,4,1,2,1,1,0,5.055294,47.272,1
20/09/26 16:01:55,1,1,4,1,2,1,1,0,5.055294,47.272,1
20/09/26 16:02:10,0,1,1,1,3,1,0,0,5.138788,47.52,1
20/09/26 16:02:10,0,1,1,1,3,1,0,0,5.138788,47.52,1
20/09/26 16:02:10,0,1,1,1,3,1,0,0,5.138788,47.52,1
20/09/26 16:02:26,0,2,3,1,1,2,2,1,5.041746,47.173,0
20/09/26 16:02:26,0,2,3,1,1,2,2,1,5.041746,47.173,0
20/09/26 16:02:26,0,2,3,1,1,2,2,1,5.041746,47.173,0
20/09/26 16:02:41,0,1,2,0,1,3,1,1,5.072433,47.52,0
20/09/26 16:02:41,0,1,2,0,1,3,1,1,5.072433,47.52,0
20/09/26 16:02:41,0,1,2,0,1,3,1,1,5.072433,47.52,0
20/09/26 16:02:56,0,2,2,1,3,3,2,0,5.034575,46.974,1
20/09/26 16:02:56,0,2,2,1,3,3,2,0,5.034575,46.974,1
20/09/26 16:02:56,0,2,2,1,3,3,2,0,5.034575,46.974,1
20/09/26 16:03:12,1,2,1,0,2,2,1,1,5.017649,46.974,0
20/09/26 16:03:12,1,2,1,0,2,2,1,1,5.017649,46.974,0
20/09/26 16:03:12,1,2,1,0,2,2,1,1,5.017649,46.974,0
20/09/26 16:03:27,0,2,3,0,0,3,0,2,5.078732,46.974,0
20/09/26 16:03:27,0,2,3,0,0,3,0,2,5.078732,46.974,0
20/09/26 16:03:27,0,2,3,0,0,3,0,2,5.078732,46.974,0
20/09/26 16:03:42,0,2,1,0,1,3,1,0,5.082049,47.52,1
20/09/26 16:03:43,0,2,1,0,1,3,1,0,5.082049,47.52,1
20/09/26 16:03:43,0,2,1,0,1,3,1,0,5.082049,47.52,1
20/09/26 16:03:57,0,2,3,1,1,1,0,1,5.067153,47.123,0
20/09/26 16:03:57,0,2,3,1,1,1,0,1,5.067153,47.123,0
20/09/26 16:03:57,0,2,3,1,1,1,0,1,5.067153,47.123,0
20/09/26 16:04:13,0,2,1,1,1,0,1,2,5.040687,47.024,0
20/09/26 16:04:13,0,2,1,1,1,0,1,2,5.040687,47.024,0
20/09/26 16:04:13,0,2,1,1,1,0,1,2,5.040687,47.024,0
20/09/26 16:04:28,0,1,2,0,2,3,1,1,5.036634,47.073,0
20/09/26 16:04:28,0,1,2,0,2,3,1,1,5.036634,47.073,0
20/09/26 16:04:28,0,1,2,0,2,3,1,1,5.036634,47.073,0
20/09/26 16:04:43,1,0,2,0,2,1,1,1,5.067514,47.52,1
20/09/26 16:04:43,1,0,2,0,2,1,1,1,5.067514,47.52,1
20/09/26 16:04:43,1,0,2,0,2,1,1,1,5.067514,47.52,1
20/09/26 16:04:58,0,2,2,0,2,1,2,1,5.034684,47.024,0
20/09/26 16:04:58,0,2,2,0,2,1,2,1,5.034684,47.024,0
20/09/26 16:04:59,0,2,2,0,2,1,2,1,5.034684,47.024,0
20/09/26 16:05:13,0,2,0,0,2,1,0,0,5.131176,47.569,1
20/09/26 16:05:13,0,2,0,0,2,1,0,0,5.131176,47.569,1
20/09/26 16:05:14,0,2,0,0,2,1,0,0,5.131176,47.569,1
20/09/26 16:05:29,0,2,1,1,0,0,0,0,5.110061,47.768,1
20/09/26 16:05:29,0,2,1,1,0,0,0,0,5.110061,47.768,1
20/09/26 16:05:29,0,2,1,1,0,0,0,0,5.110061,47.768,1
20/09/26 16:05:44,1,2,0,0,2,2,0,1,5.061915,46.974,0
20/09/26 16:05:44,1,2,0,0,2,2,0,1,5.061915,46.974,0
20/09/26 16:05:44,1,2,0,0,2,2,0,1,5.061915,46.974,0
20/09/26 16:06:00,0,3,2,1,2,3,1,2,4.943872,46.379,0
20/09/26 16:06:00,0,3,2,1,2,3,1,2,4.943872,46.379,0
20/09/26 16:06:00,0,3,2,1,2,3,1,2,4.943872,46.379,0
20/09/26 16:06:15,0,3,3,1,1,1,2,1,4.957707,46.528,0
20/09/26 16:06:15,0,3,3,1,1,1,2,1,4.957707,46.528,0
20/09/26 16:06:15,0,3,3,1,1,1,2,1,4.957707,46.528,0
20/09/26 16:06:30,1,0,0,0,1,3,2,1,5.076017,47.569,0
20/09/26 16:06:30,1,0,0,0,1,3,2,1,5.076017,47.569,0
20/09/26 16:06:30,1,0,0,0,1,3,2,1,5.076017,47.569,0
20/09/26 16:06:45,0,1,3,0,1,3,1,0,5.098317,47.768,1
20/09/26 16:06:45,0,1,3,0,1,3,1,0,5.098317,47.768,1
20/09/26 16:06:45,0,1,3,0,1,3,1,0,5.098317,47.768,1
20/09/26 16:07:00,1,1,4,1,1,3,1,1,5.055943,47.272,0
20/09/26 16:07:00,1,1,4,1,1,3,1,1,5.055943,47.272,0
20/09/26 16:07:00,1,1,4,1,1,3,1,1,5.055943,47.272,0
20/09/26 16:07:15,0,1,4,0,2,2,1,2,5.033645,46.974,0
20/09/26 16:07:15,0,1,4,0,2,2,1,2,5.033645,46.974,0
20/09/26 16:07:15,0,1,4,0,2,2,1,2,5.033645,46.974,0
20/09/26 16:07:32,0,3,3,1,2,4,0,1,4.990774,46.429,0
20/09/26 16:07:32,0,3,3,1,2,4,0,1,4.990774,46.429,0
20/09/26 16:07:32,0,3,3,1,2,4,0,1,4.990774,46.429,0
20/09/26 16:07:47,0,2,1,1,3,2,1,0,5.036313,47.024,1
20/09/26 16:07:47,0,2,1,1,3,2,1,0,5.036313,47.024,1
20/09/26 16:07:47,0,2,1,1,3,2,1,0,5.036313,47.024,1
20/09/26 16:08:02,1,2,3,1,0,2,1,1,5.084356,47.718,1
20/09/26 16:08:02,1,2,3,1,0,2,1,1,5.084356,47.718,1
20/09/26 16:08:02,1,2,3,1,0,2,1,1,5.084356,47.718,1
20/09/26 16:08:17,0,0,2,0,2,3,0,1,5.084524,47.123,0
20/09/26 16:08:17,0,0,2,0,2,3,0,1,5.084524,47.123,0
20/09/26 16:08:17,0,0,2,0,2,3,0,1,5.084524,47.123,0
20/09/26 16:08:33,1,2,2,0,2,1,2,1,5.014062,46.825,0
20/09/26 16:08:33,1,2,2,0,2,1,2,1,5.014062,46.825,0
20/09/26 16:08:33,1,2,2,0,2,1,2,1,5.014062,46.825,0
20/09/26 16:08:47,1,1,0,0,1,4,0,1,5.084539,47.421,0
20/09/26 16:08:47,1,1,0,0,1,4,0,1,5.084539,47.421,0
20/09/26 16:08:47,1,1,0,0,1,4,0,1,5.084539,47.421,0
20/09/26 16:09:03,1,2,3,1,1,0,1,2,5.007505,46.875,0
20/09/26 16:09:03,1,2,3,1,1,0,1,2,5.007505,46.875,0
20/09/26 16:09:03,1,2,3,1,1,0,1,2,5.007505,46.875,0
20/09/26 16:09:18,0,2,0,0,2,1,2,1,5.034684,47.024,0
20/09/26 16:09:18,0,2,0,0,2,1,2,1,5.034684,47.024,0
20/09/26 16:09:18,0,2,0,0,2,1,2,1,5.034684,47.024,0
20/09/26 16:09:33,0,1,3,1,2,2,1,0,5.077584,47.569,1
20/09/26 16:09:33,0,1,3,1,2,2,1,0,5.077584,47.569,1
20/09/26 16:09:33,0,1,3,1,2,2,1,0,5.077584,47.569,1
20/09/26 16:09:48,1,2,4,0,1,2,0,1,5.048566,47.123,0
20/09/26 16:09:48,1,2,4,0,1,2,0,1,5.048566,47.123,0
20/09/26 16:09:48,1,2,4,0,1,2,0,1,5.048566,47.123,0
20/09/26 16:10:03,0,0,2,0,1,2,2,2,5.068088,47.321,1
20/09/26 16:10:03,0,0,2,0,1,2,2,2,5.068088,47.321,1
20/09/26 16:10:03,0,0,2,0,1,2,2,2,5.068088,47.321,1
20/09/26 16:10:18,0,1,1,1,2,3,1,1,5.050365,47.222,0
20/09/26 16:10:18,0,1,1,1,2,3,1,1,5.050365,47.222,0
20/09/26 16:10:18,0,1,1,1,2,3,1,1,5.050365,47.222,0
20/09/26 16:10:32,0,2,1,1,0,2,1,1,5.051312,47.222,0
20/09/26 16:10:32,0,2,1,1,0,2,1,1,5.051312,47.222,0
20/09/26 16:10:32,0,2,1,1,0,2,1,1,5.051312,47.222,0
20/09/26 16:10:48,0,3,2,0,2,1,1,1,5.036634,47.073,0
20/09/26 16:10:48,0,3,2,0,2,1,1,1,5.036634,47.073,0
20/09/26 16:10:48,0,3,2,0,2,1,1,1,5.036634,47.073,0
20/09/26 16:11:03,1,0,4,0,1,2,1,0,5.094872,47.768,1
20/09/26 16:11:03,1,0,4,0,1,2,1,0,5.094872,47.768,1
20/09/26 16:11:03,1,0,4,0,1,2,1,0,5.094872,47.768,1
20/09/26 16:11:18,0,1,2,1,1,3,1,1,5.067263,47.47,0
20/09/26 16:11:18,0,1,2,1,1,3,1,1,5.067263,47.47,0
20/09/26 16:11:18,0,1,2,1,1,3,1,1,5.067263,47.47,0
20/09/26 16:11:33,1,2,3,0,2,2,0,2,5.058823,46.925,0
20/09/26 16:11:33,1,2,3,0,2,2,0,2,5.058823,46.925,0
20/09/26 16:11:33,1,2,3,0,2,2,0,2,5.058823,46.925,0
20/09/26 16:11:48,1,2,2,1,0,2,2,0,5.099154,47.917,1
20/09/26 16:11:48,1,2,2,1,0,2,2,0,5.099154,47.917,1
20/09/26 16:11:48,1,2,2,1,0,2,2,0,5.099154,47.917,1
20/09/26 16:12:04,1,3,3,0,2,2,0,0,5.066344,46.974,1
20/09/26 16:12:04,1,3,3,0,2,2,0,0,5.066344,46.974,1
20/09/26 16:12:04,1,3,3,0,2,2,0,0,5.066344,46.974,1
20/09/26 16:12:19,0,0,2,0,2,2,2,1,5.034684,47.024,0
20/09/26 16:12:19,0,0,2,0,2,2,2,1,5.034684,47.024,0
20/09/26 16:12:19,0,0,2,0,2,2,2,1,5.034684,47.024,0
20/09/26 16:12:34,1,0,2,1,0,1,1,1,5.084356,47.718,1
20/09/26 16:12:34,1,0,2,1,0,1,1,1,5.084356,47.718,1
20/09/26 16:12:34,1,0,2,1,0,1,1,1,5.084356,47.718,1
20/09/26 16:12:50,1,3,1,1,2,0,0,1,4.951897,45.833,0
20/09/26 16:12:50,1,3,1,1,2,0,0,1,4.951897,45.833,0
20/09/26 16:12:50,1,3,1,1,2,0,0,1,4.951897,45.833,0
20/09/26 16:13:06,1,0,2,1,0,0,0,2,5.095377,47.718,1
20/09/26 16:13:06,1,0,2,1,0,0,0,2,5.095377,47.718,1
20/09/26 16:13:06,1,0,2,1,0,0,0,2,5.095377,47.718,1
20/09/26 16:13:21,0,1,1,0,2,3,2,2,5.001711,46.825,0
20/09/26 16:13:21,0,1,1,0,2,3,2,2,5.001711,46.825,0
20/09/26 16:13:21,0,1,1,0,2,3,2,2,5.001711,46.825,0
20/09/26 16:13:36,1,1,3,1,1,2,2,2,5.054168,47.272,0
20/09/26 16:13:36,1,1,3,1,1,2,2,2,5.054168,47.272,0
20/09/26 16:13:36,1,1,3,1,1,2,2,2,5.054168,47.272,0
20/09/26 16:13:51,0,3,0,1,3,2,1,0,5.011942,46.528,1
20/09/26 16:13:51,0,3,0,1,3,2,1,0,5.011942,46.528,1
20/09/26 16:13:52,0,3,0,1,3,2,1,0,5.011942,46.528,1
20/09/26 16:14:07,0,1,1,0,2,3,2,0,5.077274,47.371,1
20/09/26 16:14:07,0,1,1,0,2,3,2,0,5.077274,47.371,1
20/09/26 16:14:07,0,1,1,0,2,3,2,0,5.077274,47.371,1
20/09/26 16:14:22,1,2,4,1,2,1,2,1,5.008374,46.875,0
20/09/26 16:14:22,1,2,4,1,2,1,2,1,5.008374,46.875,0
20/09/26 16:14:22,1,2,4,1,2,1,2,1,5.008374,46.875,0
20/09/26 16:14:39,1,0,2,1,3,4,1,1,4.858312,45.685,0
20/09/26 16:14:39,1,0,2,1,3,4,1,1,4.858312,45.685,0
20/09/26 16:14:39,1,0,2,1,3,4,1,1,4.858312,45.685,0
20/09/26 16:14:54,1,0,2,0,0,2,0,2,5.095126,47.768,1
20/09/26 16:14:54,1,0,2,0,0,2,0,2,5.095126,47.768,1
20/09/26 16:14:54,1,0,2,0,0,2,0,2,5.095126,47.768,1
20/09/26 16:15:09,0,0,3,1,2,1,0,1,5.114982,47.569,0
20/09/26 16:15:09,0,0,3,1,2,1,0,1,5.114982,47.569,0
20/09/26 16:15:09,0,0,3,1,2,1,0,1,5.114982,47.569,0
20/09/26 16:15:24,1,0,1,0,2,4,1,1,5.067514,47.52,1
20/09/26 16:15:24,1,0,1,0,2,4,1,1,5.067514,47.52,1
20/09/26 16:15:24,1,0,1,0,2,4,1,1,5.067514,47.52,1
20/09/26 16:15:39,1,2,1,1,2,0,1,2,5.007505,46.875,0
20/09/26 16:15:39,1,2,1,1,2,0,1,2,5.007505,46.875,0
20/09/26 16:15:39,1,2,1,1,2,0,1,2,5.007505,46.875,0
20/09/26 16:15:55,1,1,4,1,3,3,1,2,4.853528,45.585,0
20/09/26 16:15:55,1,1,4,1,3,3,1,2,4.853528,45.585,0
20/09/26 16:15:55,1,1,4,1,3,3,1,2,4.853528,45.585,0
20/09/26 16:16:10,0,1,1,1,1,1,1,0,5.094664,47.718,1
20/09/26 16:16:10,0,1,1,1,1,1,1,0,5.094664,47.718,1
20/09/26 16:16:10,0,1,1,1,1,1,1,0,5.094664,47.718,1
20/09/26 16:16:26,1,3,0,1,2,3,1,2,4.853528,45.585,0
20/09/26 16:16:26,1,3,0,1,2,3,1,2,4.853528,45.585,0
20/09/26 16:16:26,1,3,0,1,2,3,1,2,4.853528,45.585,0
20/09/26 16:16:42,1,3,0,1,2,0,1,2,4.853528,45.585,0
20/09/26 16:16:42,1,3,0,1,2,0,1,2,4.853528,45.585,0
20/09/26 16:16:42,1,3,0,1,2,0,1,2,4.853528,45.585,0
20/09/26 16:16:57,0,2,3,1,2,3,1,2,5.027565,46.875,0
20/09/26 16:16:57,0,2,3,1,2,3,1,2,5.027565,46.875,0
20/09/26 16:16:57,0,2,3,1,2,3,1,2,5.027565,46.875,0
20/09/26 16:17:12,1,1,0,1,0,4,0,0,5.113832,47.917,1
20/09/26 16:17:12,1,1,0,1,0,4,0,0,5.113832,47.917,1
20/09/26 16:17:12,1,1,0,1,0,4,0,0,5.113832,47.917,1
20/09/26 16:17:28,0,0,0,1,2,1,1,2,5.062232,47.47,1
20/09/26 16:17:28,0,0,0,1,2,1,1,2,5.062232,47.47,1
20/09/26 16:17:28,0,0,0,1,2,1,1,2,5.062232,47.47,1
20/09/26 16:17:43,1,0,1,1,0,2,1,0,5.09986,47.917,1
20/09/26 16:17:43,1,0,1,1,0,2,1,0,5.09986,47.917,1
20/09/26 16:17:43,1,0,1,1,0,2,1,0,5.09986,47.917,1
20/09/26 16:17:59,1,3,0,0,2,1,1,2,4.939889,46.23,0
20/09/26 16:17:59,1,3,0,0,2,1,1,2,4.939889,46.23,0
20/09/26 16:17:59,1,3,0,0,2,1,1,2,4.939889,46.23,0
20/09/26 16:18:14,0,1,3,0,1,1,0,1,5.095901,47.52,0
20/09/26 16:18:14,0,1,3,0,1,1,0,1,5.095901,47.52,0
20/09/26 16:18:14,0,1,3,0,1,1,0,1,5.095901,47.52,0
20/09/26 16:18:29,1,0,4,1,1,1,2,1,5.083407,47.718,1
20/09/26 16:18:29,1,0,4,1,1,1,2,1,5.083407,47.718,1
20/09/26 16:18:29,1,0,4,1,1,1,2,1,5.083407,47.718,1
20/09/26 16:18:44,1,0,3,0,3,3,1,1,5.035179,47.222,1
20/09/26 16:18:44,1,0,3,0,3,3,1,1,5.035179,47.222,1
20/09/26 16:18:44,1,0,3,0,3,3,1,1,5.035179,47.222,1
20/09/26 16:19:00,1,2,2,0,1,1,1,2,5.02514,46.974,0
20/09/26 16:19:00,1,2,2,0,1,1,1,2,5.02514,46.974,0
20/09/26 16:19:00,1,2,2,0,1,1,1,2,5.02514,46.974,0
20/09/26 16:19:15,1,2,1,0,1,2,0,1,5.048566,47.123,0
20/09/26 16:19:15,1,2,1,0,1,2,0,1,5.048566,47.123,0
20/09/26 16:19:15,1,2,1,0,1,2,0,1,5.048566,47.123,0
20/09/26 16:19:31,1,1,1,1,3,1,1,1,4.858312,45.685,0
20/09/26 16:19:31,1,1,1,1,3,1,1,1,4.858312,45.685,0
20/09/26 16:19:31,1,1,1,1,3,1,1,1,4.858312,45.685,0
20/09/26 16:19:46,0,1,2,0,2,3,2,1,5.034684,47.024,0
20/09/26 16:19:46,0,1,2,0,2,3,2,1,5.034684,47.024,0
20/09/26 16:19:46,0,1,2,0,2,3,2,1,5.034684,47.024,0
20/09/26 16:20:01,1,1,3,1,0,4,1,1,5.084356,47.718,1
20/09/26 16:20:01,1,1,3,1,0,4,1,1,5.084356,47.718,1
20/09/26 16:20:01,1,1,3,1,0,4,1,1,5.084356,47.718,1
20/09/26 16:20:17,0,3,2,0,3,3,1,2,4.910633,46.032,0
20/09/26 16:20:17,0,3,2,0,3,3,1,2,4.910633,46.032,0
20/09/26 16:20:17,0,3,2,0,3,3,1,2,4.910633,46.032,0
20/09/26 16:20:32,0,2,4,1,3,0,1,0,5.036313,47.024,1
20/09/26 16:20:32,0,2,4,1,3,0,1,0,5.036313,47.024,1
20/09/26 16:20:32,0,2,4,1,3,0,1,0,5.036313,47.024,1
20/09/26 16:20:47,1,0,0,0,1,0,0,1,5.102919,47.669,0
20/09/26 16:20:48,1,0,0,0,1,0,0,1,5.102919,47.669,0
20/09/26 16:20:48,1,0,0,0,1,0,0,1,5.102919,47.669,0
20/09/26 16:21:04,1,0,3,0,1,4,1,2,5.077357,47.619,1
20/09/26 16:21:04,1,0,3,0,1,4,1,2,5.077357,47.619,1
20/09/26 16:21:04,1,0,3,0,1,4,1,2,5.077357,47.619,1
20/09/26 16:21:20,0,2,3,0,2,3,0,1,5.084524,47.123,0
20/09/26 16:21:20,0,2,3,0,2,3,0,1,5.084524,47.123,0
20/09/26 16:21:20,0,2,3,0,2,3,0,1,5.084524,47.123,0
20/09/26 16:21:36,0,1,1,0,0,2,0,1,5.095901,47.52,0
20/09/26 16:21:36,0,1,1,0,0,2,0,1,5.095901,47.52,0
20/09/26 16:21:36,0,1,1,0,0,2,0,1,5.095901,47.52,0
20/09/26 16:21:57,1,1,1,0,1,3,1,1,5.06189,47.421,0
20/09/26 16:21:57,1,1,1,0,1,3,1,1,5.06189,47.421,0
20/09/26 16:21:58,1,1,1,0,1,3,1,1,5.06189,47.421,0
20/09/26 16:22:20,1,1,3,0,1,2,0,1,5.084539,47.421,0
20/09/26 16:22:21,1,1,3,0,1,2,0,1,5.084539,47.421,0
20/09/26 16:22:21,1,1,3,0,1,2,0,1,5.084539,47.421,0
20/09/26 16:22:40,1,1,2,0,1,2,2,1,5.057681,47.272,0
20/09/26 16:22:40,1,1,2,0,1,2,2,1,5.057681,47.272,0
20/09/26 16:22:40,1,1,2,0,1,2,2,1,5.057681,47.272,0
20/09/26 16:22:56,0,2,2,0,1,2,1,2,5.033645,46.974,0
20/09/26 16:22:56,0,2,2,0,1,2,1,2,5.033645,46.974,0
20/09/26 16:22:56,0,2,2,0,1,2,1,2,5.033645,46.974,0
20/09/26 16:23:13,1,3,0,1,2,4,0,1,4.951897,45.833,0
20/09/26 16:23:13,1,3,0,1,2,4,0,1,4.951897,45.833,0
20/09/26 16:23:13,1,3,0,1,2,4,0,1,4.951897,45.833,0
20/09/26 16:23:29,0,2,2,1,1,4,2,2,5.041276,47.024,0
20/09/26 16:23:29,0,2,2,1,1,4,2,2,5.041276,47.024,0
20/09/26 16:23:29,0,2,2,1,1,4,2,2,5.041276,47.024,0
20/09/26 16:23:44,1,1,3,0,1,1,1,2,5.060054,47.321,0
20/09/26 16:23:44,1,1,3,0,1,1,1,2,5.060054,47.321,0
20/09/26 16:23:44,1,1,3,0,1,1,1,2,5.060054,47.321,0
20/09/26 16:23:58,0,1,2,0,3,4,0,0,5.12537,47.817,1
20/09/26 16:23:58,0,1,2,0,3,4,0,0,5.12537,47.817,1
20/09/26 16:23:58,0,1,2,0,3,4,0,0,5.12537,47.817,1
20/09/26 16:24:13,1,1,2,1,1,2,2,2,5.054168,47.272,0
20/09/26 16:24:13,1,1,2,1,1,2,2,2,5.054168,47.272,0
20/09/26 16:24:13,1,1,2,1,1,2,2,2,5.054168,47.272,0
20/09/26 16:24:29,1,2,1,1,3,4,1,2,4.853528,45.585,0
20/09/26 16:24:29,1,2,1,1,3,4,1,2,4.853528,45.585,0
20/09/26 16:24:29,1,2,1,1,3,4,1,2,4.853528,45.585,0
20/09/26 16:24:44,1,0,1,0,2,2,0,1,5.115446,47.569,0
20/09/26 16:24:44,1,0,1,0,2,2,0,1,5.115446,47.569,0
20/09/26 16:24:44,1,0,1,0,2,2,0,1,5.115446,47.569,0
20/09/26 16:24:59,1,1,4,0,2,3,1,0,5.07557,47.52,1
20/09/26 16:24:59,1,1,4,0,2,3,1,0,5.07557,47.52,1
20/09/26 16:24:59,1,1,4,0,2,3,1,0,5.07557,47.52,1
20/09/26 16:25:14,1,2,3,1,2,3,1,1,5.009467,46.875,0
20/09/26 16:25:14,1,2,3,1,2,3,1,1,5.009467,46.875,0
20/09/26 16:25:14,1,2,3,1,2,3,1,1,5.009467,46.875,0
20/09/26 16:25:29,1,1,3,1,1,0,1,2,5.054155,47.272,0
20/09/26 16:25:29,1,1,3,1,1,0,1,2,5.054155,47.272,0
20/09/26 16:25:29,1,1,3,1,1,0,1,2,5.054155,47.272,0
20/09/26 16:25:44,0,0,0,0,1,0,1,1,5.072433,47.52,0
20/09/26 16:25:44,0,0,0,0,1,0,1,1,5.072433,47.52,0
20/09/26 16:25:44,0,0,0,0,1,0,1,1,5.072433,47.52,0
20/09/26 16:25:59,1,0,0,1,2,2,2,2,5.08247,47.669,1
20/09/26 16:25:59,1,0,0,1,2,2,2,2,5.08247,47.669,1
20/09/26 16:25:59,1,0,0,1,2,2,2,2,5.08247,47.669,1
20/09/26 16:26:14,0,2,3,1,0,2,1,1,5.051312,47.222,0
20/09/26 16:26:14,0,2,3,1,0,2,1,1,5.051312,47.222,0
20/09/26 16:26:14,0,2,3,1,0,2,1,1,5.051312,47.222,0
20/09/26 16:26:30,1,2,2,1,1,3,1,0,5.055294,47.272,1
20/09/26 16:26:30,1,2,2,1,1,3,1,0,5.055294,47.272,1
20/09/26 16:26:30,1,2,2,1,1,3,1,0,5.055294,47.272,1
20/09/26 16:26:44,0,1,2,1,2,0,2,2,5.047943,47.073,1
20/09/26 16:26:44,0,1,2,1,2,0,2,2,5.047943,47.073,1
20/09/26 16:26:44,0,1,2,1,2,0,2,2,5.047943,47.073,1
20/09/26 16:27:06,0,2,2,1,1,3,1,1,5.042746,47.173,0
20/09/26 16:27:07,0,2,2,1,1,3,1,1,5.042746,47.173,0
20/09/26 16:27:07,0,2,2,1,1,3,1,1,5.042746,47.173,0
20/09/26 16:27:27,1,1,1,1,0,2,2,0,5.099154,47.917,1
20/09/26 16:27:27,1,1,1,1,0,2,2,0,5.099154,47.917,1
20/09/26 16:27:27,1,1,1,1,0,2,2,0,5.099154,47.917,1
20/09/26 16:27:48,0,2,4,1,3,2,0,0,5.134154,47.371,1
20/09/26 16:27:48,0,2,4,1,3,2,0,0,5.134154,47.371,1
20/09/26 16:27:48,0,2,4,1,3,2,0,0,5.134154,47.371,1
20/09/26 16:28:05,0,1,0,1,3,2,0,2,5.106187,47.024,0
20/09/26 16:28:05,0,1,0,1,3,2,0,2,5.106187,47.024,0
20/09/26 16:28:05,0,1,0,1,3,2,0,2,5.106187,47.024,0
20/09/26 16:28:27,1,3,4,0,3,2,1,1,4.861593,45.784,0
20/09/26 16:28:27,1,3,4,0,3,2,1,1,4.861593,45.784,0
20/09/26 16:28:27,1,3,4,0,3,2,1,1,4.861593,45.784,0
20/09/26 16:28:47,0,1,2,1,0,3,1,1,5.077359,47.569,0
20/09/26 16:28:47,0,1,2,1,0,3,1,1,5.077359,47.569,0
20/09/26 16:28:47,0,1,2,1,0,3,1,1,5.077359,47.569,0
20/09/26 16:29:07,1,3,4,0,0,1,0,1,4.938926,46.379,0
20/09/26 16:29:07,1,3,4,0,0,1,0,1,4.938926,46.379,0
20/09/26 16:29:08,1,3,4,0,0,1,0,1,4.938926,46.379,0
20/09/26 16:29:28,1,3,0,0,2,1,1,0,5.018561,46.875,1
20/09/26 16:29:28,1,3,0,0,2,1,1,0,5.018561,46.875,1
20/09/26 16:29:28,1,3,0,0,2,1,1,0,5.018561,46.875,1
20/09/26 16:29:48,0,0,1,1,3,3,2,1,5.02607,47.123,1
20/09/26 16:29:48,0,0,1,1,3,3,2,1,5.02607,47.123,1
20/09/26 16:29:48,0,0,1,1,3,3,2,1,5.02607,47.123,1
20/09/26 16:30:08,0,1,1,0,0,3,1,1,5.072433,47.52,0
20/09/26 16:30:08,0,1,1,0,0,3,1,1,5.072433,47.52,0
20/09/26 16:30:08,0,1,1,0,0,3,1,1,5.072433,47.52,0
20/09/26 16:30:28,0,2,3,0,3,4,1,2,5.033645,46.974,0
20/09/26 16:30:28,0,2,3,0,3,4,1,2,5.033645,46.974,0
20/09/26 16:30:28,0,2,3,0,3,4,1,2,5.033645,46.974,0
20/09/26 16:30:47,0,1,4,1,1,0,2,1,5.066675,47.47,0
20/09/26 16:30:47,0,1,4,1,1,0,2,1,5.066675,47.47,0
20/09/26 16:30:48,0,1,4,1,1,0,2,1,5.066675,47.47,0
20/09/26 16:31:07,0,1,2,1,0,1,1,1,5.077359,47.569,0
20/09/26 16:31:07,0,1,2,1,0,1,1,1,5.077359,47.569,0
20/09/26 16:31:07,0,1,2,1,0,1,1,1,5.077359,47.569,0
20/09/26 16:31:27,0,2,3,0,1,4,1,0,5.082049,47.52,1
20/09/26 16:31:28,0,2,3,0,1,4,1,0,5.082049,47.52,1
20/09/26 16:31:28,0,2,3,0,1,4,1,0,5.082049,47.52,1
20/09/26 16:31:47,0,1,3,0,0,3,0,2,5.093362,47.421,1
20/09/26 16:31:47,0,1,3,0,0,3,0,2,5.093362,47.421,1
20/09/26 16:31:48,0,1,3,0,0,3,0,2,5.093362,47.421,1
20/09/26 16:32:08,1,2,1,1,2,1,1,1,5.009467,46.875,0
20/09/26 16:32:08,1,2,1,1,2,1,1,1,5.009467,46.875,0
20/09/26 16:32:08,1,2,1,1,2,1,1,1,5.009467,46.875,0
20/09/26 16:32:28,1,2,1,0,0,2,1,1,5.032945,47.123,0
20/09/26 16:32:28,1,2,1,0,0,2,1,1,5.032945,47.123,0
20/09/26 16:32:28,1,2,1,0,0,2,1,1,5.032945,47.123,0
20/09/26 16:32:51,0,1,0,1,3,1,0,0,5.138788,47.52,1
20/09/26 16:32:51,0,1,0,1,3,1,0,0,5.138788,47.52,1
20/09/26 16:32:51,0,1,0,1,3,1,0,0,5.138788,47.52,1
20/09/26 16:33:11,1,2,3,0,1,3,1,1,5.026006,47.024,0
20/09/26 16:33:11,1,2,3,0,1,3,1,1,5.026006,47.024,0
20/09/26 16:33:11,1,2,3,0,1,3,1,1,5.026006,47.024,0
20/09/26 16:33:35,1,0,1,1,2,3,0,1,5.09497,47.768,1
20/09/26 16:33:35,1,0,1,1,2,3,0,1,5.09497,47.768,1
20/09/26 16:33:35,1,0,1,1,2,3,0,1,5.09497,47.768,1
20/09/26 16:33:55,1,0,1,0,1,2,0,0,5.120672,47.817,1
20/09/26 16:33:55,1,0,1,0,1,2,0,0,5.120672,47.817,1
20/09/26 16:33:56,1,0,1,0,1,2,0,0,5.120672,47.817,1
20/09/26 16:34:13,0,2,1,1,0,1,1,1,5.051312,47.222,0
20/09/26 16:34:13,0,2,1,1,0,1,1,1,5.051312,47.222,0
20/09/26 16:34:13,0,2,1,1,0,1,1,1,5.051312,47.222,0
20/09/26 16:34:31,1,0,1,1,3,0,2,1,4.85633,45.635,0
20/09/26 16:34:31,1,0,1,1,3,0,2,1,4.85633,45.635,0
20/09/26 16:34:32,1,0,1,1,3,0,2,1,4.85633,45.635,0
20/09/26 16:34:50,1,1,0,1,2,1,1,2,5.007505,46.875,0
20/09/26 16:34:50,1,1,0,1,2,1,1,2,5.007505,46.875,0
20/09/26 16:34:50,1,1,0,1,2,1,1,2,5.007505,46.875,0
20/09/26 16:35:08,0,0,0,1,2,4,2,1,5.063149,47.47,1
20/09/26 16:35:08,0,0,0,1,2,4,2,1,5.063149,47.47,1
20/09/26 16:35:08,0,0,0,1,2,4,2,1,5.063149,47.47,1
20/09/26 16:35:25,0,1,0,1,1,4,1,1,5.067263,47.47,0
20/09/26 16:35:25,0,1,0,1,1,4,1,1,5.067263,47.47,0
20/09/26 16:35:25,0,1,0,1,1,4,1,1,5.067263,47.47,0
20/09/26 16:35:43,0,1,3,1,1,2,2,0,5.094644,47.718,1
20/09/26 16:35:43,0,1,3,1,1,2,2,0,5.094644,47.718,1
20/09/26 16:35:43,0,1,3,1,1,2,2,0,5.094644,47.718,1
20/09/26 16:36:03,1,3,3,0,2,1,1,2,4.939889,46.23,0
20/09/26 16:36:04,1,3,3,0,2,1,1,2,4.939889,46.23,0
20/09/26 16:36:04,1,3,3,0,2,1,1,2,4.939889,46.23,0
20/09/26 16:36:21,1,2,3,0,2,2,2,2,4.985186,46.825,0
20/09/26 16:36:21,1,2,3,0,2,2,2,2,4.985186,46.825,0
20/09/26 16:36:21,1,2,3,0,2,2,2,2,4.985186,46.825,0
20/09/26 16:36:38,1,3,4,1,2,2,1,1,4.858312,45.685,0
20/09/26 16:36:38,1,3,4,1,2,2,1,1,4.858312,45.685,0
20/09/26 16:36:38,1,3,4,1,2,2,1,1,4.858312,45.685,0
20/09/26 16:36:53,1,0,2,1,1,1,1,2,5.08301,47.718,1
20/09/26 16:36:53,1,0,2,1,1,1,1,2,5.08301,47.718,1
20/09/26 16:36:53,1,0,2,1,1,1,1,2,5.08301,47.718,1
20/09/26 16:37:08,1,2,4,1,2,2,2,0,5.053223,47.272,1
20/09/26 16:37:08,1,2,4,1,2,2,2,0,5.053223,47.272,1
20/09/26 16:37:09,1,2,4,1,2,2,2,0,5.053223,47.272,1
20/09/26 16:37:24,0,0,3,1,2,0,1,2,5.062232,47.47,1
20/09/26 16:37:24,0,0,3,1,2,0,1,2,5.062232,47.47,1
20/09/26 16:37:25,0,0,3,1,2,0,1,2,5.062232,47.47,1
20/09/26 16:37:40,1,2,4,0,1,3,0,2,5.046377,47.073,0
20/09/26 16:37:40,1,2,4,0,1,3,0,2,5.046377,47.073,0
20/09/26 16:37:41,1,2,4,0,1,3,0,2,5.046377,47.073,0
20/09/26 16:37:56,1,2,1,0,1,4,2,1,5.025667,46.974,0
20/09/26 16:37:56,1,2,1,0,1,4,2,1,5.025667,46.974,0
20/09/26 16:37:56,1,2,1,0,1,4,2,1,5.025667,46.974,0
20/09/26 16:38:12,0,1,0,0,2,0,0,2,5.078732,46.974,0
20/09/26 16:38:12,0,1,0,0,2,0,0,2,5.078732,46.974,0
20/09/26 16:38:12,0,1,0,0,2,0,0,2,5.078732,46.974,0
20/09/26 16:38:28,0,2,2,0,0,2,1,2,5.033645,46.974,0
20/09/26 16:38:28,0,2,2,0,0,2,1,2,5.033645,46.974,0
20/09/26 16:38:28,0,2,2,0,0,2,1,2,5.033645,46.974,0
20/09/26 16:38:44,0,1,3,1,2,4,1,2,5.047465,47.073,1
20/09/26 16:38:44,0,1,3,1,2,4,1,2,5.047465,47.073,1
20/09/26 16:38:44,0,1,3,1,2,4,1,2,5.047465,47.073,1
20/09/26 16:38:59,0,2,4,1,1,4,0,1,5.067153,47.123,0
20/09/26 16:38:59,0,2,4,1,1,4,0,1,5.067153,47.123,0
20/09/26 16:38:59,0,2,4,1,1,4,0,1,5.067153,47.123,0
20/09/26 16:39:16,0,3,1,1,0,1,1,2,4.963988,46.379,0
20/09/26 16:39:16,0,3,1,1,0,1,1,2,4.963988,46.379,0
20/09/26 16:39:16,0,3,1,1,0,1,1,2,4.963988,46.379,0
20/09/26 16:39:34,1,1,0,0,2,1,0,1,5.096848,47.321,0
20/09/26 16:39:34,1,1,0,0,2,1,0,1,5.096848,47.321,0
20/09/26 16:39:35,1,1,0,0,2,1,0,1,5.096848,47.321,0
20/09/26 16:39:54,1,1,2,0,0,3,1,0,5.095951,47.817,1
20/09/26 16:39:54,1,1,2,0,0,3,1,0,5.095951,47.817,1
20/09/26 16:39:54,1,1,2,0,0,3,1,0,5.095951,47.817,1
20/09/26 16:40:13,0,2,3,0,3,3,1,2,5.033645,46.974,0
20/09/26 16:40:13,0,2,3,0,3,3,1,2,5.033645,46.974,0
20/09/26 16:40:13,0,2,3,0,3,3,1,2,5.033645,46.974,0
20/09/26 16:40:32,1,3,3,0,2,0,1,1,4.943296,46.379,0
20/09/26 16:40:32,1,3,3,0,2,0,1,1,4.943296,46.379,0
20/09/26 16:40:32,1,3,3,0,2,0,1,1,4.943296,46.379,0
20/09/26 16:40:51,0,1,1,0,2,0,1,0,5.082049,47.52,1
20/09/26 16:40:51,0,1,1,0,2,0,1,0,5.082049,47.52,1
20/09/26 16:40:51,0,1,1,0,2,0,1,0,5.082049,47.52,1
20/09/26 16:41:11,1,3,0,0,1,1,1,2,4.916977,46.329,0
20/09/26 16:41:11,1,3,0,0,1,1,1,2,4.916977,46.329,0
20/09/26 16:41:11,1,3,0,0,1,1,1,2,4.916977,46.329,0
20/09/26 16:41:31,1,1,4,1,3,1,1,2,4.853528,45.585,0
20/09/26 16:41:31,1,1,4,1,3,1,1,2,4.853528,45.585,0
20/09/26 16:41:31,1,1,4,1,3,1,1,2,4.853528,45.585,0
20/09/26 16:41:49,0,1,4,0,1,2,1,0,5.098317,47.768,1
20/09/26 16:41:49,0,1,4,0,1,2,1,0,5.098317,47.768,1
20/09/26 16:41:49,0,1,4,0,1,2,1,0,5.098317,47.768,1
20/09/26 16:42:07,1,1,0,1,2,2,0,2,5.052508,46.825,0
20/09/26 16:42:07,1,1,0,1,2,2,0,2,5.052508,46.825,0
20/09/26 16:42:07,1,1,0,1,2,2,0,2,5.052508,46.825,0
20/09/26 16:42:27,1,3,3,1,0,0,2,1,4.85633,45.635,0
20/09/26 16:42:27,1,3,3,1,0,0,2,1,4.85633,45.635,0
20/09/26 16:42:27,1,3,3,1,0,0,2,1,4.85633,45.635,0
20/09/26 16:42:45,0,1,2,1,1,3,2,1,5.066675,47.47,0
20/09/26 16:42:45,0,1,2,1,1,3,2,1,5.066675,47.47,0
20/09/26 16:42:45,0,1,2,1,1,3,2,1,5.066675,47.47,0
20/09/26 16:43:04,0,2,2,1,3,3,2,0,5.034575,46.974,1
20/09/26 16:43:04,0,2,2,1,3,3,2,0,5.034575,46.974,1
20/09/26 16:43:04,0,2,2,1,3,3,2,0,5.034575,46.974,1
20/09/26 16:43:22,0,1,0,0,1,1,0,1,5.095901,47.52,0
20/09/26 16:43:22,0,1,0,0,1,1,0,1,5.095901,47.52,0
20/09/26 16:43:22,0,1,0,0,1,1,0,1,5.095901,47.52,0
20/09/26 16:43:40,0,1,2,1,1,1,1,1,5.067263,47.47,0
20/09/26 16:43:40,0,1,2,1,1,1,1,1,5.067263,47.47,0
20/09/26 16:43:40,0,1,2,1,1,1,1,1,5.067263,47.47,0
20/09/26 16:43:59,1,2,1,0,2,3,0,2,5.058823,46.925,0
20/09/26 16:43:59,1,2,1,0,2,3,0,2,5.058823,46.925,0
20/09/26 16:43:59,1,2,1,0,2,3,0,2,5.058823,46.925,0
20/09/26 16:44:18,0,2,3,0,2,2,2,2,5.001711,46.825,0
20/09/26 16:44:18,0,2,3,0,2,2,2,2,5.001711,46.825,0
20/09/26 16:44:18,0,2,3,0,2,2,2,2,5.001711,46.825,0
20/09/26 16:44:36,1,2,1,1,0,0,1,0,5.09986,47.917,1
20/09/26 16:44:36,1,2,1,1,0,0,1,0,5.09986,47.917,1
20/09/26 16:44:36,1,2,1,1,0,0,1,0,5.09986,47.917,1
20/09/26 16:44:54,0,2,2,1,1,4,0,1,5.067153,47.123,0
20/09/26 16:44:54,0,2,2,1,1,4,0,1,5.067153,47.123,0
20/09/26 16:44:54,0,2,2,1,1,4,0,1,5.067153,47.123,0
20/09/26 16:45:12,1,1,2,0,3,1,1,2,5.019807,46.974,0
20/09/26 16:45:13,1,1,2,0,3,1,1,2,5.019807,46.974,0
20/09/26 16:45:13,1,1,2,0,3,1,1,2,5.019807,46.974,0
20/09/26 16:45:31,1,1,1,1,2,3,1,1,5.009467,46.875,0
20/09/26 16:45:31,1,1,1,1,2,3,1,1,5.009467,46.875,0
20/09/26 16:45:31,1,1,1,1,2,3,1,1,5.009467,46.875,0
20/09/26 16:45:49,1,1,3,0,1,3,1,1,5.06189,47.421,0
20/09/26 16:45:49,1,1,3,0,1,3,1,1,5.06189,47.421,0
20/09/26 16:45:49,1,1,3,0,1,3,1,1,5.06189,47.421,0
20/09/26 16:46:07,0,0,2,0,1,4,1,1,5.072433,47.52,0
20/09/26 16:46:07,0,0,2,0,1,4,1,1,5.072433,47.52,0
20/09/26 16:46:07,0,0,2,0,1,4,1,1,5.072433,47.52,0
20/09/26 16:46:26,0,0,1,1,2,4,1,1,5.063439,47.47,1
20/09/26 16:46:26,0,0,1,1,2,4,1,1,5.063439,47.47,1
20/09/26 16:46:26,0,0,1,1,2,4,1,1,5.063439,47.47,1
20/09/26 16:46:44,0,1,3,1,1,4,1,1,5.067263,47.47,0
20/09/26 16:46:44,0,1,3,1,1,4,1,1,5.067263,47.47,0
20/09/26 16:46:45,0,1,3,1,1,4,1,1,5.067263,47.47,0
20/09/26 16:47:03,0,2,4,1,3,0,0,1,5.082249,46.925,0
20/09/26 16:47:03,0,2,4,1,3,0,0,1,5.082249,46.925,0
20/09/26 16:47:03,0,2,4,1,3,0,0,1,5.082249,46.925,0
20/09/26 16:47:22,0,3,3,1,0,4,1,1,4.967999,46.627,0
20/09/26 16:47:22,0,3,3,1,0,4,1,1,4.967999,46.627,0
20/09/26 16:47:22,0,3,3,1,0,4,1,1,4.967999,46.627,0
20/09/26 16:47:40,0,1,2,0,1,3,1,1,5.072433,47.52,0
20/09/26 16:47:40,0,1,2,0,1,3,1,1,5.072433,47.52,0
20/09/26 16:47:40,0,1,2,0,1,3,1,1,5.072433,47.52,0
20/09/26 16:47:59,1,2,4,0,1,3,1,0,5.075676,47.47,1
20/09/26 16:47:59,1,2,4,0,1,3,1,0,5.075676,47.47,1
20/09/26 16:47:59,1,2,4,0,1,3,1,0,5.075676,47.47,1
20/09/26 16:48:17,0,0,3,0,2,0,1,1,5.036634,47.073,0
20/09/26 16:48:17,0,0,3,0,2,0,1,1,5.036634,47.073,0
20/09/26 16:48:17,0,0,3,0,2,0,1,1,5.036634,47.073,0
20/09/26 16:48:36,0,1,2,0,1,2,1,0,5.098317,47.768,1
20/09/26 16:48:36,0,1,2,0,1,2,1,0,5.098317,47.768,1
20/09/26 16:48:36,0,1,2,0,1,2,1,0,5.098317,47.768,1
20/09/26 16:48:55,0,2,3,0,1,1,1,1,5.036634,47.073,0
20/09/26 16:48:55,0,2,3,0,1,1,1,1,5.036634,47.073,0
20/09/26 16:48:55,0,2,3,0,1,1,1,1,5.036634,47.073,0
20/09/26 16:49:13,0,1,1,0,1,2,2,2,5.068088,47.321,1
20/09/26 16:49:13,0,1,1,0,1,2,2,2,5.068088,47.321,1
20/09/26 16:49:13,0,1,1,0,1,2,2,2,5.068088,47.321,1
20/09/26 16:49:32,1,1,1,1,2,4,0,1,5.054907,46.875,0
20/09/26 16:49:32,1,1,1,1,2,4,0,1,5.054907,46.875,0
20/09/26 16:49:32,1,1,1,1,2,4,0,1,5.054907,46.875,0
20/09/26 16:49:51,0,0,2,0,3,2,2,0,5.108389,47.966,1
20/09/26 16:49:51,0,0,2,0,3,2,2,0,5.108389,47.966,1
20/09/26 16:49:51,0,0,2,0,3,2,2,0,5.108389,47.966,1
20/09/26 16:50:09,0,1,3,0,2,4,2,0,5.077274,47.371,1
20/09/26 16:50:09,0,1,3,0,2,4,2,0,5.077274,47.371,1
20/09/26 16:50:10,0,1,3,0,2,4,2,0,5.077274,47.371,1
20/09/26 16:50:28,0,2,2,0,0,2,0,0,5.131176,47.569,1
20/09/26 16:50:28,0,2,2,0,0,2,0,0,5.131176,47.569,1
20/09/26 16:50:28,0,2,2,0,0,2,0,0,5.131176,47.569,1
20/09/26 16:50:46,1,2,1,1,2,3,1,1,5.009467,46.875,0
20/09/26 16:50:46,1,2,1,1,2,3,1,1,5.009467,46.875,0
20/09/26 16:50:46,1,2,1,1,2,3,1,1,5.009467,46.875,0
20/09/26 16:51:06,0,3,2,0,3,4,0,1,5.015395,46.429,0
20/09/26 16:51:06,0,3,2,0,3,4,0,1,5.015395,46.429,0
20/09/26 16:51:06,0,3,2,0,3,4,0,1,5.015395,46.429,0
20/09/26 16:51:25,0,1,0,1,3,2,2,0,5.03869,47.123,1
20/09/26 16:51:25,0,1,0,1,3,2,2,0,5.03869,47.123,1
20/09/26 16:51:25,0,1,0,1,3,2,2,0,5.03869,47.123,1
20/09/26 16:51:43,1,0,1,0,3,0,1,0,5.051709,47.222,1
20/09/26 16:51:43,1,0,1,0,3,0,1,0,5.051709,47.222,1
20/09/26 16:51:44,1,0,1,0,3,0,1,0,5.051709,47.222,1
20/09/26 16:52:03,0,3,3,0,3,0,2,0,5.026109,46.677,1
20/09/26 16:52:03,0,3,3,0,3,0,2,0,5.026109,46.677,1
20/09/26 16:52:03,0,3,3,0,3,0,2,0,5.026109,46.677,1
20/09/26 16:52:21,1,1,1,1,1,1,2,1,5.055929,47.272,0
20/09/26 16:52:21,1,1,1,1,1,1,2,1,5.055929,47.272,0
20/09/26 16:52:21,1,1,1,1,1,1,2,1,5.055929,47.272,0
20/09/26 16:52:40,0,0,3,0,2,1,1,2,5.033645,46.974,0
20/09/26 16:52:40,0,0,3,0,2,1,1,2,5.033645,46.974,0
20/09/26 16:52:40,0,0,3,0,2,1,1,2,5.033645,46.974,0
20/09/26 16:52:59,0,3,0,1,1,3,2,2,4.951703,46.429,0
20/09/26 16:52:59,0,3,0,1,1,3,2,2,4.951703,46.429,0
20/09/26 16:53:00,0,3,0,1,1,3,2,2,4.951703,46.429,0
20/09/26 16:53:18,0,0,1,1,0,4,1,0,5.106149,47.966,1
20/09/26 16:53:18,0,0,1,1,0,4,1,0,5.106149,47.966,1
20/09/26 16:53:18,0,0,1,1,0,4,1,0,5.106149,47.966,1
20/09/26 16:53:37,1,2,0,1,2,3,0,1,5.054907,46.875,0
20/09/26 16:53:37,1,2,0,1,2,3,0,1,5.054907,46.875,0
20/09/26 16:53:38,1,2,0,1,2,3,0,1,5.054907,46.875,0
20/09/26 16:53:57,0,1,2,0,2,1,1,1,5.036634,47.073,0
20/09/26 16:53:57,0,1,2,0,2,1,1,1,5.036634,47.073,0
20/09/26 16:53:57,0,1,2,0,2,1,1,1,5.036634,47.073,0
20/09/26 16:54:15,0,1,2,0,1,1,2,1,5.070177,47.47,0
20/09/26 16:54:15,0,1,2,0,1,1,2,1,5.070177,47.47,0
20/09/26 16:54:15,0,1,2,0,1,1,2,1,5.070177,47.47,0
20/09/26 16:54:34,0,1,0,0,1,0,1,1,5.072433,47.52,0
20/09/26 16:54:34,0,1,0,0,1,0,1,1,5.072433,47.52,0
20/09/26 16:54:34,0,1,0,0,1,0,1,1,5.072433,47.52,0
20/09/26 16:54:52,0,3,4,0,2,4,2,1,5.034684,47.024,0
20/09/26 16:54:52,0,3,4,0,2,4,2,1,5.034684,47.024,0
20/09/26 16:54:52,0,3,4,0,2,4,2,1,5.034684,47.024,0
20/09/26 16:55:10,1,2,1,0,0,3,1,1,5.032945,47.123,0
20/09/26 16:55:10,1,2,1,0,0,3,1,1,5.032945,47.123,0
20/09/26 16:55:10,1,2,1,0,0,3,1,1,5.032945,47.123,0
20/09/26 16:55:28,1,1,4,0,0,3,0,1,5.077607,47.47,0
20/09/26 16:55:29,1,1,4,0,0,3,0,1,5.077607,47.47,0
20/09/26 16:55:29,1,1,4,0,0,3,0,1,5.077607,47.47,0
20/09/26 16:55:49,1,3,1,1,1,3,0,0,5.066909,46.528,1
20/09/26 16:55:49,1,3,1,1,1,3,0,0,5.066909,46.528,1
20/09/26 16:55:49,1,3,1,1,1,3,0,0,5.066909,46.528,1
20/09/26 16:56:06,1,1,4,0,2,1,1,1,5.046609,47.173,0
20/09/26 16:56:06,1,1,4,0,2,1,1,1,5.046609,47.173,0
20/09/26 16:56:06,1,1,4,0,2,1,1,1,5.046609,47.173,0
20/09/26 16:56:26,1,2,2,1,2,0,1,0,5.055294,47.272,1
20/09/26 16:56:26,1,2,2,1,2,0,1,0,5.055294,47.272,1
20/09/26 16:56:26,1,2,2,1,2,0,1,0,5.055294,47.272,1
20/09/26 16:56:45,1,1,2,1,2,3,1,2,5.007505,46.875,0
20/09/26 16:56:45,1,1,2,1,2,3,1,2,5.007505,46.875,0
20/09/26 16:56:45,1,1,2,1,2,3,1,2,5.007505,46.875,0
20/09/26 16:57:03,0,1,1,0,2,1,1,1,5.036634,47.073,0
20/09/26 16:57:03,0,1,1,0,2,1,1,1,5.036634,47.073,0
20/09/26 16:57:03,0,1,1,0,2,1,1,1,5.036634,47.073,0
20/09/26 16:57:22,0,1,2,0,2,0,2,0,5.077274,47.371,1
20/09/26 16:57:22,0,1,2,0,2,0,2,0,5.077274,47.371,1
20/09/26 16:57:22,0,1,2,0,2,0,2,0,5.077274,47.371,1
20/09/26 16:57:40,1,1,2,1,1,1,1,1,5.055943,47.272,0
20/09/26 16:57:40,1,1,2,1,1,1,1,1,5.055943,47.272,0
20/09/26 16:57:40,1,1,2,1,1,1,1,1,5.055943,47.272,0
20/09/26 16:57:59,1,0,2,0,3,0,0,1,5.134916,47.421,0
20/09/26 16:57:59,1,0,2,0,3,0,0,1,5.134916,47.421,0
20/09/26 16:57:59,1,0,2,0,3,0,0,1,5.134916,47.421,0
20/09/26 16:58:19,1,3,3,1,2,0,1,0,4.97248,46.28,1
20/09/26 16:58:19,1,3,3,1,2,0,1,0,4.97248,46.28,1
20/09/26 16:58:19,1,3,3,1,2,0,1,0,4.97248,46.28,1
20/09/26 16:58:37,0,2,0,0,1,3,1,1,5.036634,47.073,0
20/09/26 16:58:37,0,2,0,0,1,3,1,1,5.036634,47.073,0
20/09/26 16:58:37,0,2,0,0,1,3,1,1,5.036634,47.073,0
20/09/26 16:58:54,0,1,1,1,1,2,0,1,5.094116,47.47,0
20/09/26 16:58:54,0,1,1,1,1,2,0,1,5.094116,47.47,0
20/09/26 16:58:54,0,1,1,1,1,2,0,1,5.094116,47.47,0
20/09/26 16:59:12,0,1,0,0,3,2,1,2,5.071677,47.47,1
20/09/26 16:59:12,0,1,0,0,3,2,1,2,5.071677,47.47,1
20/09/26 16:59:12,0,1,0,0,3,2,1,2,5.071677,47.47,1
20/09/26 16:59:30,1,0,1,0,1,1,2,1,5.076017,47.569,0
20/09/26 16:59:30,1,0,1,0,1,1,2,1,5.076017,47.569,0
20/09/26 16:59:30,1,0,1,0,1,1,2,1,5.076017,47.569,0
20/09/26 16:59:49,0,1,1,0,2,1,0,0,5.131176,47.569,1
20/09/26 16:59:49,0,1,1,0,2,1,0,0,5.131176,47.569,1
20/09/26 16:59:49,0,1,1,0,2,1,0,0,5.131176,47.569,1
20/09/26 17:00:08,1,1,1,1,2,3,1,1,5.009467,46.875,0
20/09/26 17:00:08,1,1,1,1,2,3,1,1,5.009467,46.875,0
20/09/26 17:00:08,1,1,1,1,2,3,1,1,5.009467,46.875,0
20/09/26 17:00:27,1,1,2,1,2,2,2,0,5.053223,47.272,1
20/09/26 17:00:27,1,1,2,1,2,2,2,0,5.053223,47.272,1
20/09/26 17:00:27,1,1,2,1,2,2,2,0,5.053223,47.272,1
20/09/26 17:00:45,1,1,3,0,3,2,1,0,5.044485,47.272,1
20/09/26 17:00:45,1,1,3,0,3,2,1,0,5.044485,47.272,1
20/09/26 17:00:46,1,1,3,0,3,2,1,0,5.044485,47.272,1
20/09/26 17:01:05,1,3,3,0,2,4,1,2,4.939889,46.23,0
20/09/26 17:01:05,1,3,3,0,2,4,1,2,4.939889,46.23,0
20/09/26 17:01:05,1,3,3,0,2,4,1,2,4.939889,46.23,0
20/09/26 17:01:24,1,2,1,1,2,1,2,0,5.053223,47.272,1
20/09/26 17:01:24,1,2,1,1,2,1,2,0,5.053223,47.272,1
20/09/26 17:01:24,1,2,1,1,2,1,2,0,5.053223,47.272,1
20/09/26 17:01:42,0,2,4,1,1,2,0,1,5.067153,47.123,0
20/09/26 17:01:42,0,2,4,1,1,2,0,1,5.067153,47.123,0
20/09/26 17:01:42,0,2,4,1,1,2,0,1,5.067153,47.123,0
20/09/26 17:02:01,1,0,2,0,2,4,0,1,5.115446,47.569,0
20/09/26 17:02:01,1,0,2,0,2,4,0,1,5.115446,47.569,0
20/09/26 17:02:01,1,0,2,0,2,4,0,1,5.115446,47.569,0
20/09/26 17:02:20,1,2,2,1,0,2,0,0,5.113832,47.917,1
20/09/26 17:02:20,1,2,2,1,0,2,0,0,5.113832,47.917,1
20/09/26 17:02:20,1,2,2,1,0,2,0,0,5.113832,47.917,1
20/09/26 17:02:39,0,2,1,1,3,3,0,0,5.134154,47.371,1
20/09/26 17:02:39,0,2,1,1,3,3,0,0,5.134154,47.371,1
20/09/26 17:02:39,0,2,1,1,3,3,0,0,5.134154,47.371,1
20/09/26 17:02:57,0,2,2,0,1,0,1,0,5.082049,47.52,1
20/09/26 17:02:57,0,2,2,0,1,0,1,0,5.082049,47.52,1
20/09/26 17:02:57,0,2,2,0,1,0,1,0,5.082049,47.52,1
20/09/26 17:03:17,1,3,1,0,1,3,1,1,4.919376,46.429,0
20/09/26 17:03:17,1,3,1,0,1,3,1,1,4.919376,46.429,0
20/09/26 17:03:17,1,3,1,0,1,3,1,1,4.919376,46.429,0
20/09/26 17:03:36,1,0,2,1,3,1,1,1,4.858312,45.685,0
20/09/26 17:03:36,1,0,2,1,3,1,1,1,4.858312,45.685,0
20/09/26 17:03:36,1,0,2,1,3,1,1,1,4.858312,45.685,0
20/09/26 17:03:54,1,2,0,1,1,3,1,1,5.009467,46.875,0
20/09/26 17:03:55,1,2,0,1,1,3,1,1,5.009467,46.875,0
20/09/26 17:03:55,1,2,0,1,1,3,1,1,5.009467,46.875,0
20/09/26 17:04:13,1,2,1,0,1,3,1,1,5.026006,47.024,0
20/09/26 17:04:13,1,2,1,0,1,3,1,1,5.026006,47.024,0
20/09/26 17:04:13,1,2,1,0,1,3,1,1,5.026006,47.024,0
20/09/26 17:04:32,1,0,3,0,1,3,1,1,5.079325,47.669,1
20/09/26 17:04:32,1,0,3,0,1,3,1,1,5.079325,47.669,1
20/09/26 17:04:32,1,0,3,0,1,3,1,1,5.079325,47.669,1
20/09/26 17:04:51,1,3,1,1,3,4,0,1,4.951897,45.833,0
20/09/26 17:04:51,1,3,1,1,3,4,0,1,4.951897,45.833,0
20/09/26 17:04:52,1,3,1,1,3,4,0,1,4.951897,45.833,0
20/09/26 17:05:10,0,1,4,0,2,1,0,1,5.084524,47.123,0
20/09/26 17:05:10,0,1,4,0,2,1,0,1,5.084524,47.123,0
20/09/26 17:05:10,0,1,4,0,2,1,0,1,5.084524,47.123,0
20/09/26 17:05:29,1,2,0,0,1,3,1,1,5.026006,47.024,0
20/09/26 17:05:29,1,2,0,0,1,3,1,1,5.026006,47.024,0
20/09/26 17:05:29,1,2,0,0,1,3,1,1,5.026006,47.024,0
20/09/26 17:05:46,1,1,2,1,1,3,2,1,5.055929,47.272,0
20/09/26 17:05:46,1,1,2,1,1,3,2,1,5.055929,47.272,0
20/09/26 17:05:46,1,1,2,1,1,3,2,1,5.055929,47.272,0
20/09/26 17:06:05,0,3,3,0,1,1,2,1,5.070177,47.47,0
20/09/26 17:06:05,0,3,3,0,1,1,2,1,5.070177,47.47,0
20/09/26 17:06:05,0,3,3,0,1,1,2,1,5.070177,47.47,0
20/09/26 17:06:24,1,1,0,0,2,2,2,0,5.073853,47.421,1
20/09/26 17:06:24,1,1,0,0,2,2,2,0,5.073853,47.421,1
20/09/26 17:06:24,1,1,0,0,2,2,2,0,5.073853,47.421,1
20/09/26 17:06:43,1,2,3,0,1,0,1,0,5.075676,47.47,1
20/09/26 17:06:43,1,2,3,0,1,0,1,0,5.075676,47.47,1
20/09/26 17:06:43,1,2,3,0,1,0,1,0,5.075676,47.47,1
20/09/26 17:07:01,0,2,4,1,0,1,2,1,5.050553,47.222,0
20/09/26 17:07:01,0,2,4,1,0,1,2,1,5.050553,47.222,0
20/09/26 17:07:01,0,2,4,1,0,1,2,1,5.050553,47.222,0
20/09/26 17:07:19,1,2,1,0,2,2,1,0,5.06192,47.321,1
20/09/26 17:07:19,1,2,1,0,2,2,1,0,5.06192,47.321,1
20/09/26 17:07:19,1,2,1,0,2,2,1,0,5.06192,47.321,1
20/09/26 17:07:37,1,0,2,0,2,3,0,2,5.114123,47.569,0
20/09/26 17:07:37,1,0,2,0,2,3,0,2,5.114123,47.569,0
20/09/26 17:07:37,1,0,2,0,2,3,0,2,5.114123,47.569,0
20/09/26 17:07:55,0,0,2,0,2,0,1,1,5.036634,47.073,0
20/09/26 17:07:55,0,0,2,0,2,0,1,1,5.036634,47.073,0
20/09/26 17:07:55,0,0,2,0,2,0,1,1,5.036634,47.073,0
20/09/26 17:08:13,1,2,2,1,1,0,1,1,5.009467,46.875,0
20/09/26 17:08:13,1,2,2,1,1,0,1,1,5.009467,46.875,0
20/09/26 17:08:14,1,2,2,1,1,0,1,1,5.009467,46.875,0
20/09/26 17:08:33,0,1,3,0,2,3,1,2,5.033645,46.974,0
20/09/26 17:08:33,0,1,3,0,2,3,1,2,5.033645,46.974,0
20/09/26 17:08:33,0,1,3,0,2,3,1,2,5.033645,46.974,0
20/09/26 17:08:51,1,2,3,1,0,4,1,1,5.084356,47.718,1
20/09/26 17:08:51,1,2,3,1,0,4,1,1,5.084356,47.718,1
20/09/26 17:08:51,1,2,3,1,0,4,1,1,5.084356,47.718,1
20/09/26 17:09:09,0,2,0,1,0,3,0,1,5.064722,47.222,0
20/09/26 17:09:10,0,2,0,1,0,3,0,1,5.064722,47.222,0
20/09/26 17:09:10,0,2,0,1,0,3,0,1,5.064722,47.222,0
20/09/26 17:09:29,0,3,3,1,3,0,2,1,4.900415,46.032,0
20/09/26 17:09:29,0,3,3,1,3,0,2,1,4.900415,46.032,0
20/09/26 17:09:29,0,3,3,1,3,0,2,1,4.900415,46.032,0
20/09/26 17:09:47,1,1,4,1,2,2,0,2,5.052508,46.825,0
20/09/26 17:09:47,1,1,4,1,2,2,0,2,5.052508,46.825,0
20/09/26 17:09:48,1,1,4,1,2,2,0,2,5.052508,46.825,0
20/09/26 17:10:06,1,2,2,0,3,1,1,2,4.956086,46.528,0
20/09/26 17:10:06,1,2,2,0,3,1,1,2,4.956086,46.528,0
20/09/26 17:10:06,1,2,2,0,3,1,1,2,4.956086,46.528,0
20/09/26 17:10:24,1,2,3,1,2,3,0,1,5.054907,46.875,0
20/09/26 17:10:24,1,2,3,1,2,3,0,1,5.054907,46.875,0
20/09/26 17:10:24,1,2,3,1,2,3,0,1,5.054907,46.875,0
20/09/26 17:10:43,0,0,1,1,1,3,0,1,5.10611,47.718,0
20/09/26 17:10:43,0,0,1,1,1,3,0,1,5.10611,47.718,0
20/09/26 17:10:43,0,0,1,1,1,3,0,1,5.10611,47.718,0
20/09/26 17:11:02,1,3,0,0,0,3,0,2,4.935914,46.28,0
20/09/26 17:11:02,1,3,0,0,0,3,0,2,4.935914,46.28,0
20/09/26 17:11:02,1,3,0,0,0,3,0,2,4.935914,46.28,0
20/09/26 17:11:20,0,1,2,1,3,3,0,1,5.110015,47.123,0
20/09/26 17:11:20,0,1,2,1,3,3,0,1,5.110015,47.123,0
20/09/26 17:11:20,0,1,2,1,3,3,0,1,5.110015,47.123,0
20/09/26 17:11:39,1,2,3,1,2,3,0,1,5.054907,46.875,0
20/09/26 17:11:39,1,2,3,1,2,3,0,1,5.054907,46.875,0
20/09/26 17:11:39,1,2,3,1,2,3,0,1,5.054907,46.875,0
20/09/26 17:11:57,0,1,4,1,2,2,2,2,5.047943,47.073,1
20/09/26 17:11:58,0,1,4,1,2,2,2,2,5.047943,47.073,1
20/09/26 17:11:58,0,1,4,1,2,2,2,2,5.047943,47.073,1
20/09/26 17:12:16,1,0,2,0,1,2,0,0,5.120672,47.817,1
20/09/26 17:12:16,1,0,2,0,1,2,0,0,5.120672,47.817,1
20/09/26 17:12:16,1,0,2,0,1,2,0,0,5.120672,47.817,1
20/09/26 17:12:35,0,2,4,0,0,2,0,0,5.131176,47.569,1
20/09/26 17:12:35,0,2,4,0,0,2,0,0,5.131176,47.569,1
20/09/26 17:12:35,0,2,4,0,0,2,0,0,5.131176,47.569,1
20/09/26 17:12:55,1,3,3,0,2,2,2,1,4.938683,46.23,0
20/09/26 17:12:55,1,3,3,0,2,2,2,1,4.938683,46.23,0
20/09/26 17:12:55,1,3,3,0,2,2,2,1,4.938683,46.23,0
20/09/26 17:13:13,0,1,3,0,0,1,1,2,5.071677,47.47,1
20/09/26 17:13:13,0,1,3,0,0,1,1,2,5.071677,47.47,1
20/09/26 17:13:13,0,1,3,0,0,1,1,2,5.071677,47.47,1
20/09/26 17:13:31,1,2,1,1,1,3,2,1,5.008374,46.875,0
20/09/26 17:13:31,1,2,1,1,1,3,2,1,5.008374,46.875,0
20/09/26 17:13:32,1,2,1,1,1,3,2,1,5.008374,46.875,0
20/09/26 17:13:50,1,1,4,0,1,2,0,1,5.084539,47.421,0
20/09/26 17:13:50,1,1,4,0,1,2,0,1,5.084539,47.421,0
20/09/26 17:13:50,1,1,4,0,1,2,0,1,5.084539,47.421,0
20/09/26 17:14:08,0,3,4,0,1,1,0,1,5.095901,47.52,0
20/09/26 17:14:08,0,3,4,0,1,1,0,1,5.095901,47.52,0
20/09/26 17:14:08,0,3,4,0,1,1,0,1,5.095901,47.52,0
20/09/26 17:14:26,0,0,3,1,1,0,1,0,5.095549,47.817,1
20/09/26 17:14:27,0,0,3,1,1,0,1,0,5.095549,47.817,1
20/09/26 17:14:27,0,0,3,1,1,0,1,0,5.095549,47.817,1
20/09/26 17:14:45,1,2,3,0,1,0,1,0,5.075676,47.47,1
20/09/26 17:14:45,1,2,3,0,1,0,1,0,5.075676,47.47,1
20/09/26 17:14:45,1,2,3,0,1,0,1,0,5.075676,47.47,1
20/09/26 17:15:03,0,3,1,0,1,4,1,0,5.098317,47.768,1
20/09/26 17:15:03,0,3,1,0,1,4,1,0,5.098317,47.768,1
20/09/26 17:15:03,0,3,1,0,1,4,1,0,5.098317,47.768,1
20/09/26 17:15:21,1,2,1,0,2,4,2,1,5.014062,46.825,0
20/09/26 17:15:21,1,2,1,0,2,4,2,1,5.014062,46.825,0
20/09/26 17:15:22,1,2,1,0,2,4,2,1,5.014062,46.825,0
20/09/26 17:15:40,0,2,3,1,3,3,0,2,5.076969,46.776,0
20/09/26 17:15:40,0,2,3,1,3,3,0,2,5.076969,46.776,0
20/09/26 17:15:40,0,2,3,1,3,3,0,2,5.076969,46.776,0
20/09/26 17:15:58,0,2,3,0,2,4,2,2,5.001711,46.825,0
20/09/26 17:15:58,0,2,3,0,2,4,2,2,5.001711,46.825,0
20/09/26 17:15:59,0,2,3,0,2,4,2,2,5.001711,46.825,0
20/09/26 17:16:16,0,0,2,0,1,2,0,1,5.095901,47.52,0
20/09/26 17:16:16,0,0,2,0,1,2,0,1,5.095901,47.52,0
20/09/26 17:16:16,0,0,2,0,1,2,0,1,5.095901,47.52,0
20/09/26 17:16:35,1,2,4,0,2,4,1,1,5.017649,46.974,0
20/09/26 17:16:35,1,2,4,0,2,4,1,1,5.017649,46.974,0
20/09/26 17:16:36,1,2,4,0,2,4,1,1,5.017649,46.974,0
20/09/26 17:16:53,1,1,3,0,0,3,1,1,5.068286,47.52,0
20/09/26 17:16:54,1,1,3,0,0,3,1,1,5.068286,47.52,0
20/09/26 17:16:54,1,1,3,0,0,3,1,1,5.068286,47.52,0
20/09/26 17:17:13,1,3,0,1,1,4,1,2,4.853528,45.585,0
20/09/26 17:17:13,1,3,0,1,1,4,1,2,4.853528,45.585,0
20/09/26 17:17:13,1,3,0,1,1,4,1,2,4.853528,45.585,0
20/09/26 17:17:32,1,1,0,0,2,1,0,1,5.096848,47.321,0
20/09/26 17:17:32,1,1,0,0,2,1,0,1,5.096848,47.321,0
20/09/26 17:17:32,1,1,0,0,2,1,0,1,5.096848,47.321,0
20/09/26 17:17:52,1,1,2,1,3,2,1,1,4.858312,45.685,0
20/09/26 17:17:52,1,1,2,1,3,2,1,1,4.858312,45.685,0
20/09/26 17:17:52,1,1,2,1,3,2,1,1,4.858312,45.685,0
20/09/26 17:18:10,0,1,2,0,2,3,0,1,5.084524,47.123,0
20/09/26 17:18:10,0,1,2,0,2,3,0,1,5.084524,47.123,0
20/09/26 17:18:10,0,1,2,0,2,3,0,1,5.084524,47.123,0
20/09/26 17:18:28,1,1,1,0,1,3,0,1,5.084539,47.421,0
20/09/26 17:18:28,1,1,1,0,1,3,0,1,5.084539,47.421,0
20/09/26 17:18:28,1,1,1,0,1,3,0,1,5.084539,47.421,0
20/09/26 17:18:47,1,2,1,0,3,3,1,1,4.9585,46.528,0
20/09/26 17:18:47,1,2,1,0,3,3,1,1,4.9585,46.528,0
20/09/26 17:18:47,1,2,1,0,3,3,1,1,4.9585,46.528,0
20/09/26 17:19:05,0,2,4,0,2,1,2,1,5.034684,47.024,0
20/09/26 17:19:05,0,2,4,0,2,1,2,1,5.034684,47.024,0
20/09/26 17:19:05,0,2,4,0,2,1,2,1,5.034684,47.024,0
20/09/26 17:19:24,1,2,3,1,1,2,1,1,5.009467,46.875,0
20/09/26 17:19:24,1,2,3,1,1,2,1,1,5.009467,46.875,0
20/09/26 17:19:25,1,2,3,1,1,2,1,1,5.009467,46.875,0
20/09/26 17:19:43,1,2,2,0,1,1,2,2,5.023585,46.974,0
20/09/26 17:19:43,1,2,2,0,1,1,2,2,5.023585,46.974,0
20/09/26 17:19:43,1,2,2,0,1,1,2,2,5.023585,46.974,0
20/09/26 17:20:01,0,1,3,1,0,3,2,0,5.103487,47.867,1
20/09/26 17:20:01,0,1,3,1,0,3,2,0,5.103487,47.867,1
20/09/26 17:20:01,0,1,3,1,0,3,2,0,5.103487,47.867,1
20/09/26 17:20:20,0,3,1,0,0,4,1,1,5.093482,47.817,1
20/09/26 17:20:20,0,3,1,0,0,4,1,1,5.093482,47.817,1
20/09/26 17:20:20,0,3,1,0,0,4,1,1,5.093482,47.817,1
20/09/26 17:20:39,1,2,1,1,0,0,2,1,5.083407,47.718,1
20/09/26 17:20:39,1,2,1,1,0,0,2,1,5.083407,47.718,1
20/09/26 17:20:39,1,2,1,1,0,0,2,1,5.083407,47.718,1
20/09/26 17:20:58,1,1,3,1,2,3,0,1,5.054907,46.875,0
20/09/26 17:20:58,1,1,3,1,2,3,0,1,5.054907,46.875,0
20/09/26 17:20:58,1,1,3,1,2,3,0,1,5.054907,46.875,0
20/09/26 17:21:16,1,2,1,0,0,2,1,2,5.033931,47.123,0
20/09/26 17:21:16,1,2,1,0,0,2,1,2,5.033931,47.123,0
20/09/26 17:21:16,1,2,1,0,0,2,1,2,5.033931,47.123,0
20/09/26 17:21:34,1,1,1,0,2,4,1,0,5.07557,47.52,1
20/09/26 17:21:34,1,1,1,0,2,4,1,0,5.07557,47.52,1
20/09/26 17:21:35,1,1,1,0,2,4,1,0,5.07557,47.52,1
20/09/26 17:21:53,1,2,2,1,0,2,2,1,5.083407,47.718,1
20/09/26 17:21:53,1,2,2,1,0,2,2,1,5.083407,47.718,1
20/09/26 17:21:53,1,2,2,1,0,2,2,1,5.083407,47.718,1
20/09/26 17:22:13,1,1,4,1,1,1,2,1,5.055929,47.272,0
20/09/26 17:22:13,1,1,4,1,1,1,2,1,5.055929,47.272,0
20/09/26 17:22:13,1,1,4,1,1,1,2,1,5.055929,47.272,0
20/09/26 17:22:31,0,1,2,0,0,2,1,2,5.071677,47.47,1
20/09/26 17:22:31,0,1,2,0,0,2,1,2,5.071677,47.47,1
20/09/26 17:22:31,0,1,2,0,0,2,1,2,5.071677,47.47,1
20/09/26 17:22:49,1,1,0,0,1,1,1,1,5.06189,47.421,0
20/09/26 17:22:49,1,1,0,0,1,1,1,1,5.06189,47.421,0
20/09/26 17:22:50,1,1,0,0,1,1,1,1,5.06189,47.421,0
20/09/26 17:23:07,1,2,2,1,1,1,0,1,5.054907,46.875,0
20/09/26 17:23:07,1,2,2,1,1,1,0,1,5.054907,46.875,0
20/09/26 17:23:08,1,2,2,1,1,1,0,1,5.054907,46.875,0
20/09/26 17:23:26,0,2,1,1,0,1,0,1,5.064722,47.222,0
20/09/26 17:23:26,0,2,1,1,0,1,0,1,5.064722,47.222,0
20/09/26 17:23:26,0,2,1,1,0,1,0,1,5.064722,47.222,0
20/09/26 17:23:44,0,1,1,1,0,3,1,0,5.10412,47.917,1
20/09/26 17:23:44,0,1,1,1,0,3,1,0,5.10412,47.917,1
20/09/26 17:23:44,0,1,1,1,0,3,1,0,5.10412,47.917,1
20/09/26 17:24:01,0,1,1,0,3,3,2,2,5.068088,47.321,1
20/09/26 17:24:02,0,1,1,0,3,3,2,2,5.068088,47.321,1
20/09/26 17:24:02,0,1,1,0,3,3,2,2,5.068088,47.321,1
20/09/26 17:24:19,1,1,3,1,0,1,1,0,5.09986,47.917,1
20/09/26 17:24:19,1,1,3,1,0,1,1,0,5.09986,47.917,1
20/09/26 17:24:20,1,1,3,1,0,1,1,0,5.09986,47.917,1
20/09/26 17:24:38,0,1,1,1,1,3,1,2,5.065793,47.321,1
20/09/26 17:24:38,0,1,1,1,1,3,1,2,5.065793,47.321,1
20/09/26 17:24:38,0,1,1,1,1,3,1,2,5.065793,47.321,1
20/09/26 17:24:56,0,1,0,1,0,2,2,2,5.074763,47.421,1
20/09/26 17:24:56,0,1,0,1,0,2,2,2,5.074763,47.421,1
20/09/26 17:24:56,0,1,0,1,0,2,2,2,5.074763,47.421,1
20/09/26 17:25:15,1,1,3,0,3,2,1,0,5.044485,47.272,1
20/09/26 17:25:15,1,1,3,0,3,2,1,0,5.044485,47.272,1
20/09/26 17:25:15,1,1,3,0,3,2,1,0,5.044485,47.272,1
20/09/26 17:25:36,1,3,4,0,0,1,1,1,4.927389,46.329,0
20/09/26 17:25:36,1,3,4,0,0,1,1,1,4.927389,46.329,0
20/09/26 17:25:36,1,3,4,0,0,1,1,1,4.927389,46.329,0
20/09/26 17:26:01,1,1,3,0,2,3,0,2,5.094408,47.272,0
20/09/26 17:26:01,1,1,3,0,2,3,0,2,5.094408,47.272,0
20/09/26 17:26:02,1,1,3,0,2,3,0,2,5.094408,47.272,0
20/09/26 17:26:23,0,3,1,1,0,3,1,2,4.963988,46.379,0
20/09/26 17:26:23,0,3,1,1,0,3,1,2,4.963988,46.379,0
20/09/26 17:26:23,0,3,1,1,0,3,1,2,4.963988,46.379,0
20/09/26 17:26:47,0,1,2,0,2,0,2,0,5.077274,47.371,1
20/09/26 17:26:47,0,1,2,0,2,0,2,0,5.077274,47.371,1
20/09/26 17:26:47,0,1,2,0,2,0,2,0,5.077274,47.371,1
20/09/26 17:27:07,1,1,2,1,0,3,1,1,5.084356,47.718,1
20/09/26 17:27:07,1,1,2,1,0,3,1,1,5.084356,47.718,1
20/09/26 17:27:08,1,1,2,1,0,3,1,1,5.084356,47.718,1
20/09/26 17:27:27,0,2,4,1,0,2,1,1,5.051312,47.222,0
20/09/26 17:27:27,0,2,4,1,0,2,1,1,5.051312,47.222,0
20/09/26 17:27:27,0,2,4,1,0,2,1,1,5.051312,47.222,0
20/09/26 17:27:55,0,2,2,1,2,2,1,1,5.030078,47.024,0
20/09/26 17:27:55,0,2,2,1,2,2,1,1,5.030078,47.024,0
20/09/26 17:27:55,0,2,2,1,2,2,1,1,5.030078,47.024,0
20/09/26 17:28:18,0,2,3,1,2,3,1,2,5.027565,46.875,0
20/09/26 17:28:18,0,2,3,1,2,3,1,2,5.027565,46.875,0
20/09/26 17:28:18,0,2,3,1,2,3,1,2,5.027565,46.875,0
20/09/26 17:28:37,1,0,4,1,3,2,1,1,4.858312,45.685,0
20/09/26 17:28:37,1,0,4,1,3,2,1,1,4.858312,45.685,0
20/09/26 17:28:37,1,0,4,1,3,2,1,1,4.858312,45.685,0
20/09/26 17:28:54,1,2,3,0,1,2,1,2,5.02514,46.974,0
20/09/26 17:28:54,1,2,3,0,1,2,1,2,5.02514,46.974,0
20/09/26 17:28:54,1,2,3,0,1,2,1,2,5.02514,46.974,0
20/09/26 17:29:11,1,1,4,1,0,2,2,1,5.083407,47.718,1
20/09/26 17:29:11,1,1,4,1,0,2,2,1,5.083407,47.718,1
20/09/26 17:29:11,1,1,4,1,0,2,2,1,5.083407,47.718,1
20/09/26 17:29:28,0,0,2,0,1,2,1,1,5.072433,47.52,0
20/09/26 17:29:28,0,0,2,0,1,2,1,1,5.072433,47.52,0
20/09/26 17:29:28,0,0,2,0,1,2,1,1,5.072433,47.52,0
20/09/26 17:29:45,0,2,1,1,0,0,1,1,5.051312,47.222,0
20/09/26 17:29:45,0,2,1,1,0,0,1,1,5.051312,47.222,0
20/09/26 17:29:45,0,2,1,1,0,0,1,1,5.051312,47.222,0
20/09/26 17:30:02,1,0,0,1,2,4,1,1,5.084356,47.718,1
20/09/26 17:30:02,1,0,0,1,2,4,1,1,5.084356,47.718,1
20/09/26 17:30:02,1,0,0,1,2,4,1,1,5.084356,47.718,1
20/09/26 17:30:20,1,1,1,1,2,3,0,0,5.104419,47.371,1
20/09/26 17:30:20,1,1,1,1,2,3,0,0,5.104419,47.371,1
20/09/26 17:30:20,1,1,1,1,2,3,0,0,5.104419,47.371,1
20/09/26 17:30:38,0,3,3,1,0,0,1,1,4.967999,46.627,0
20/09/26 17:30:38,0,3,3,1,0,0,1,1,4.967999,46.627,0
20/09/26 17:30:38,0,3,3,1,0,0,1,1,4.967999,46.627,0
20/09/26 17:30:55,0,2,0,0,3,1,1,1,5.036634,47.073,0
20/09/26 17:30:55,0,2,0,0,3,1,1,1,5.036634,47.073,0
20/09/26 17:30:56,0,2,0,0,3,1,1,1,5.036634,47.073,0
20/09/26 17:31:12,0,1,3,0,1,4,1,1,5.072433,47.52,0
20/09/26 17:31:12,0,1,3,0,1,4,1,1,5.072433,47.52,0
20/09/26 17:31:12,0,1,3,0,1,4,1,1,5.072433,47.52,0
20/09/26 17:31:30,0,3,3,1,0,1,2,1,4.968751,46.627,0
20/09/26 17:31:30,0,3,3,1,0,1,2,1,4.968751,46.627,0
20/09/26 17:31:30,0,3,3,1,0,1,2,1,4.968751,46.627,0
20/09/26 17:31:46,0,1,4,0,3,4,0,1,5.095901,47.52,0
20/09/26 17:31:46,0,1,4,0,3,4,0,1,5.095901,47.52,0
20/09/26 17:31:47,0,1,4,0,3,4,0,1,5.095901,47.52,0
20/09/26 17:32:05,1,3,4,0,2,0,2,1,4.938683,46.23,0
20/09/26 17:32:05,1,3,4,0,2,0,2,1,4.938683,46.23,0
20/09/26 17:32:05,1,3,4,0,2,0,2,1,4.938683,46.23,0
20/09/26 17:32:22,1,2,4,1,3,3,2,0,4.971403,46.181,1
20/09/26 17:32:22,1,2,4,1,3,3,2,0,4.971403,46.181,1
20/09/26 17:32:22,1,2,4,1,3,3,2,0,4.971403,46.181,1
20/09/26 17:32:38,1,2,3,1,0,1,1,1,5.084356,47.718,1
20/09/26 17:32:38,1,2,3,1,0,1,1,1,5.084356,47.718,1
20/09/26 17:32:38,1,2,3,1,0,1,1,1,5.084356,47.718,1
20/09/26 17:32:55,0,1,3,1,3,3,2,2,5.010689,46.925,1
20/09/26 17:32:56,0,1,3,1,3,3,2,2,5.010689,46.925,1
20/09/26 17:32:56,0,1,3,1,3,3,2,2,5.010689,46.925,1
20/09/26 17:33:13,0,3,3,1,3,3,2,1,4.900415,46.032,0
20/09/26 17:33:14,0,3,3,1,3,3,2,1,4.900415,46.032,0
20/09/26 17:33:14,0,3,3,1,3,3,2,1,4.900415,46.032,0
20/09/26 17:33:30,0,1,2,0,2,3,1,1,5.036634,47.073,0
20/09/26 17:33:30,0,1,2,0,2,3,1,1,5.036634,47.073,0
20/09/26 17:33:30,0,1,2,0,2,3,1,1,5.036634,47.073,0
20/09/26 17:33:46,1,1,3,0,2,2,0,0,5.127744,47.619,1
20/09/26 17:33:47,1,1,3,0,2,2,0,0,5.127744,47.619,1
20/09/26 17:33:47,1,1,3,0,2,2,0,0,5.127744,47.619,1
20/09/26 17:34:02,0,0,3,1,3,0,1,1,5.02664,47.123,1
20/09/26 17:34:02,0,0,3,1,3,0,1,1,5.02664,47.123,1
20/09/26 17:34:03,0,0,3,1,3,0,1,1,5.02664,47.123,1
20/09/26 17:34:19,0,3,4,0,3,1,1,2,4.910633,46.032,0
20/09/26 17:34:20,0,3,4,0,3,1,1,2,4.910633,46.032,0
20/09/26 17:34:20,0,3,4,0,3,1,1,2,4.910633,46.032,0
20/09/26 17:34:36,0,1,1,0,1,2,0,0,5.12537,47.817,1
20/09/26 17:34:36,0,1,1,0,1,2,0,0,5.12537,47.817,1
20/09/26 17:34:36,0,1,1,0,1,2,0,0,5.12537,47.817,1
20/09/26 17:34:53,0,3,1,0,1,2,1,1,5.072433,47.52,0
20/09/26 17:34:53,0,3,1,0,1,2,1,1,5.072433,47.52,0
20/09/26 17:34:53,0,3,1,0,1,2,1,1,5.072433,47.52,0
20/09/26 17:35:09,1,1,1,0,1,1,2,0,5.08772,47.669,1
20/09/26 17:35:09,1,1,1,0,1,1,2,0,5.08772,47.669,1
20/09/26 17:35:09,1,1,1,0,1,1,2,0,5.08772,47.669,1
20/09/26 17:35:25,0,1,2,0,0,4,0,1,5.095901,47.52,0
20/09/26 17:35:25,0,1,2,0,0,4,0,1,5.095901,47.52,0
20/09/26 17:35:25,0,1,2,0,0,4,0,1,5.095901,47.52,0
20/09/26 17:35:43,0,2,1,1,1,1,2,2,5.041276,47.024,0
20/09/26 17:35:43,0,2,1,1,1,1,2,2,5.041276,47.024,0
20/09/26 17:35:43,0,2,1,1,1,1,2,2,5.041276,47.024,0
20/09/26 17:36:00,1,3,4,0,1,3,2,1,4.914576,46.379,0
20/09/26 17:36:00,1,3,4,0,1,3,2,1,4.914576,46.379,0
20/09/26 17:36:00,1,3,4,0,1,3,2,1,4.914576,46.379,0
20/09/26 17:36:17,0,2,2,0,3,3,1,2,5.033645,46.974,0
20/09/26 17:36:17,0,2,2,0,3,3,1,2,5.033645,46.974,0
20/09/26 17:36:17,0,2,2,0,3,3,1,2,5.033645,46.974,0
20/09/26 17:36:33,0,2,4,1,0,0,2,0,5.098566,47.718,1
20/09/26 17:36:33,0,2,4,1,0,0,2,0,5.098566,47.718,1
20/09/26 17:36:33,0,2,4,1,0,0,2,0,5.098566,47.718,1
20/09/26 17:36:50,1,1,1,1,2,2,1,1,5.009467,46.875,0
20/09/26 17:36:50,1,1,1,1,2,2,1,1,5.009467,46.875,0
20/09/26 17:36:50,1,1,1,1,2,2,1,1,5.009467,46.875,0
20/09/26 17:37:09,1,2,2,0,1,1,2,0,5.073424,47.371,1
20/09/26 17:37:09,1,2,2,0,1,1,2,0,5.073424,47.371,1
20/09/26 17:37:09,1,2,2,0,1,1,2,0,5.073424,47.371,1
20/09/26 17:37:27,0,3,3,1,1,3,2,1,4.957707,46.528,0
20/09/26 17:37:27,0,3,3,1,1,3,2,1,4.957707,46.528,0
20/09/26 17:37:27,0,3,3,1,1,3,2,1,4.957707,46.528,0
20/09/26 17:37:43,0,1,1,0,3,2,2,2,5.068088,47.321,1
20/09/26 17:37:43,0,1,1,0,3,2,2,2,5.068088,47.321,1
20/09/26 17:37:43,0,1,1,0,3,2,2,2,5.068088,47.321,1
20/09/26 17:37:58,0,0,1,0,1,3,1,1,5.072433,47.52,0
20/09/26 17:37:59,0,0,1,0,1,3,1,1,5.072433,47.52,0
20/09/26 17:37:59,0,0,1,0,1,3,1,1,5.072433,47.52,0
20/09/26 17:38:16,0,2,4,1,2,1,0,1,5.076362,47.073,0
20/09/26 17:38:16,0,2,4,1,2,1,0,1,5.076362,47.073,0
20/09/26 17:38:16,0,2,4,1,2,1,0,1,5.076362,47.073,0
20/09/26 17:38:33,0,0,3,1,1,2,0,1,5.10611,47.718,0
20/09/26 17:38:33,0,0,3,1,1,2,0,1,5.10611,47.718,0
20/09/26 17:38:33,0,0,3,1,1,2,0,1,5.10611,47.718,0
20/09/26 17:39:01,1,1,2,1,3,0,1,2,4.853528,45.585,0
20/09/26 17:39:01,1,1,2,1,3,0,1,2,4.853528,45.585,0
20/09/26 17:39:01,1,1,2,1,3,0,1,2,4.853528,45.585,0
20/09/26 17:39:24,1,3,4,0,2,1,1,1,4.943296,46.379,0
20/09/26 17:39:24,1,3,4,0,2,1,1,1,4.943296,46.379,0
20/09/26 17:39:24,1,3,4,0,2,1,1,1,4.943296,46.379,0
20/09/26 17:39:44,1,3,2,1,2,2,2,1,4.85633,45.635,0
20/09/26 17:39:44,1,3,2,1,2,2,2,1,4.85633,45.635,0
20/09/26 17:39:44,1,3,2,1,2,2,2,1,4.85633,45.635,0
20/09/26 17:40:02,0,0,1,1,3,0,2,0,5.039,47.073,1
20/09/26 17:40:02,0,0,1,1,3,0,2,0,5.039,47.073,1
20/09/26 17:40:02,0,0,1,1,3,0,2,0,5.039,47.073,1
20/09/26 17:40:20,0,1,2,0,1,2,1,2,5.071677,47.47,1
20/09/26 17:40:20,0,1,2,0,1,2,1,2,5.071677,47.47,1
20/09/26 17:40:20,0,1,2,0,1,2,1,2,5.071677,47.47,1
20/09/26 17:40:39,0,2,3,0,0,1,1,2,5.033645,46.974,0
20/09/26 17:40:39,0,2,3,0,0,1,1,2,5.033645,46.974,0
20/09/26 17:40:39,0,2,3,0,0,1,1,2,5.033645,46.974,0
20/09/26 17:40:58,1,0,1,1,3,1,1,1,4.858312,45.685,0
20/09/26 17:40:58,1,0,1,1,3,1,1,1,4.858312,45.685,0
20/09/26 17:40:58,1,0,1,1,3,1,1,1,4.858312,45.685,0
20/09/26 17:41:16,0,1,0,0,2,4,0,0,5.131176,47.569,1
20/09/26 17:41:16,0,1,0,0,2,4,0,0,5.131176,47.569,1
20/09/26 17:41:16,0,1,0,0,2,4,0,0,5.131176,47.569,1
20/09/26 17:41:34,0,0,1,0,1,2,0,0,5.12537,47.817,1
20/09/26 17:41:34,0,0,1,0,1,2,0,0,5.12537,47.817,1
20/09/26 17:41:34,0,0,1,0,1,2,0,0,5.12537,47.817,1
20/09/26 17:41:52,1,1,4,1,2,4,2,0,5.053223,47.272,1
20/09/26 17:41:52,1,1,4,1,2,4,2,0,5.053223,47.272,1
20/09/26 17:41:53,1,1,4,1,2,4,2,0,5.053223,47.272,1
20/09/26 17:42:11,0,0,1,0,3,1,1,1,5.093482,47.817,1
20/09/26 17:42:11,0,0,1,0,3,1,1,1,5.093482,47.817,1
20/09/26 17:42:11,0,0,1,0,3,1,1,1,5.093482,47.817,1
20/09/26 17:42:29,0,1,3,0,1,3,0,0,5.12537,47.817,1
20/09/26 17:42:29,0,1,3,0,1,3,0,0,5.12537,47.817,1
20/09/26 17:42:29,0,1,3,0,1,3,0,0,5.12537,47.817,1
20/09/26 17:42:47,0,1,2,1,2,3,1,1,5.050365,47.222,0
20/09/26 17:42:47,0,1,2,1,2,3,1,1,5.050365,47.222,0
20/09/26 17:42:47,0,1,2,1,2,3,1,1,5.050365,47.222,0
20/09/26 17:43:05,1,1,1,1,2,2,1,1,5.009467,46.875,0
20/09/26 17:43:05,1,1,1,1,2,2,1,1,5.009467,46.875,0
20/09/26 17:43:05,1,1,1,1,2,2,1,1,5.009467,46.875,0
20/09/26 17:43:22,0,0,1,1,2,3,1,1,5.063439,47.47,1
20/09/26 17:43:22,0,0,1,1,2,3,1,1,5.063439,47.47,1
20/09/26 17:43:22,0,0,1,1,2,3,1,1,5.063439,47.47,1
20/09/26 17:43:40,1,2,1,1,2,3,1,1,5.009467,46.875,0
20/09/26 17:43:40,1,2,1,1,2,3,1,1,5.009467,46.875,0
20/09/26 17:43:41,1,2,1,1,2,3,1,1,5.009467,46.875,0
20/09/26 17:43:59,0,2,1,1,2,1,0,1,5.076362,47.073,0
20/09/26 17:43:59,0,2,1,1,2,1,0,1,5.076362,47.073,0
20/09/26 17:43:59,0,2,1,1,2,1,0,1,5.076362,47.073,0
20/09/26 17:44:17,1,1,2,0,3,3,0,2,5.114321,47.123,0
20/09/26 17:44:17,1,1,2,0,3,3,0,2,5.114321,47.123,0
20/09/26 17:44:17,1,1,2,0,3,3,0,2,5.114321,47.123,0
20/09/26 17:44:37,1,0,3,1,3,2,1,2,4.853528,45.585,0
20/09/26 17:44:37,1,0,3,1,3,2,1,2,4.853528,45.585,0
20/09/26 17:44:37,1,0,3,1,3,2,1,2,4.853528,45.585,0
20/09/26 17:44:54,0,2,3,1,1,1,0,0,5.116007,47.619,1
20/09/26 17:44:54,0,2,3,1,1,1,0,0,5.116007,47.619,1
20/09/26 17:44:54,0,2,3,1,1,1,0,0,5.116007,47.619,1
20/09/26 17:45:13,1,1,2,1,3,0,1,1,4.858312,45.685,0
20/09/26 17:45:13,1,1,2,1,3,0,1,1,4.858312,45.685,0
20/09/26 17:45:13,1,1,2,1,3,0,1,1,4.858312,45.685,0
20/09/26 17:45:32,1,3,3,0,1,3,0,2,4.939491,46.28,0
20/09/26 17:45:32,1,3,3,0,1,3,0,2,4.939491,46.28,0
20/09/26 17:45:32,1,3,3,0,1,3,0,2,4.939491,46.28,0
20/09/26 17:45:50,0,2,3,1,1,4,1,1,5.042746,47.173,0
20/09/26 17:45:50,0,2,3,1,1,4,1,1,5.042746,47.173,0
20/09/26 17:45:50,0,2,3,1,1,4,1,1,5.042746,47.173,0
20/09/26 17:46:08,1,0,3,0,2,2,0,1,5.115446,47.569,0
20/09/26 17:46:08,1,0,3,0,2,2,0,1,5.115446,47.569,0
20/09/26 17:46:09,1,0,3,0,2,2,0,1,5.115446,47.569,0
20/09/26 17:46:27,1,2,3,0,1,0,2,2,5.023585,46.974,0
20/09/26 17:46:27,1,2,3,0,1,0,2,2,5.023585,46.974,0
20/09/26 17:46:27,1,2,3,0,1,0,2,2,5.023585,46.974,0
20/09/26 17:46:45,1,2,3,1,1,2,1,1,5.009467,46.875,0
20/09/26 17:46:45,1,2,3,1,1,2,1,1,5.009467,46.875,0
20/09/26 17:46:45,1,2,3,1,1,2,1,1,5.009467,46.875,0
20/09/26 17:47:04,1,2,1,1,1,4,1,1,5.009467,46.875,0
20/09/26 17:47:04,1,2,1,1,1,4,1,1,5.009467,46.875,0
20/09/26 17:47:04,1,2,1,1,1,4,1,1,5.009467,46.875,0
